id,dersyll,courant,api
1,1,un,\œ̃\
2,1bl,unbl,\œ̃bl\
3,2,eu,\ø\
4,2z,euz,\øz\
5,5,in,\ɛ̃\
6,5d,ind,\ɛ̃d\
7,5s,ins,\ɛ̃s\
8,8@,uian,\ɥã\
9,8E,uie,\ɥɛ\
10,8ER,uieR,\ɥɛʁ\
11,8a,uiA,\ɥa\
12,8aR,uiAR,\ɥaʁ\
13,8e,uie,\ɥe\
14,8i,uiI,\ɥi\
15,8il,uiIl,\ɥil\
16,8it,uiIt,\ɥit\
17,8itR,uiItR,\ɥitʁ\
18,9R,euR,\œʁ\
19,9Rt,euRt,\œʁt\
20,9f,euf,\œf\
21,9j,euy,\œj\
22,9m,eum,\œm\
23,9vR,euvR,\œvʁ\
24,@,an,\ã\
25,@S,anch,\ãʃ\
26,@Z,ange,\ãʒ\
27,@bR,anbR,\ãbʁ\
28,@bl,anbl,\ãbl\
29,@d,and,\ãd\
30,@dR,andR,\ãdʁ\
31,@fl,anfl,\ãfl\
32,@gl,angl,\ãgl\
33,@k,ank,\ãk\
34,@kR,ankR,\ãkʁ\
35,@p,anp,\ãp\
36,@pl,anpl,\ãpl\
37,@s,ans,\ãs\
38,@t,ant,\ãt\
39,@tR,antR,\ãtʁ\
40,E,e,\ɛ\
41,EN,egn,\ɛɲ\
42,ER,eR,\ɛʁ\
43,ERb,eRb,\ɛʁb\
44,ERg,eRg,\ɛʁg\
45,ERs,eRs,\ɛʁs\
46,ERts,eRts,\ɛʁts\
47,ES,ech,\ɛʃ\
48,Ed,ed,\ɛd\
49,EdR,edR,\ɛdʁ\
50,Ef,ef,\ɛf\
51,Eg,eg,\ɛg\
52,EgR,egR,\ɛgʁ\
53,Egl,egl,\ɛgl\
54,Ejs,eys,\ɛjs\
55,El,el,\ɛl\
56,Elf,elf,\ɛlf\
57,Em,em,\ɛm\
58,En,en,\ɛn\
59,End,end,\ɛnd\
60,Ep,ep,\ɛp\
61,Es,es,\ɛs\
62,Esk,esk,\ɛsk\
63,Est,est,\ɛst\
64,Et,et,\ɛt\
65,EtR,etR,\ɛtʁ\
66,Ev,ev,\ɛv\
67,Ez,ez,\ɛz\
68,GE,nge,\ŋɛ\
69,Ga,ngA,\ŋa\
70,Gj5,ngyin,\ŋjɛ̃\
71,GjEn,ngyen,\ŋjɛn\
72,Go,ngo,\ŋo\
73,Guz,ngOuz,\ŋuz\
74,N2,gneu,\ɲø\
75,N2z,gneuz,\ɲøz\
76,N9R,gneuR,\ɲœʁ\
77,N9l,gneul,\ɲœl\
78,N@,gnan,\ɲã\
79,N@s,gnans,\ɲãs\
80,N@t,gnant,\ɲãt\
81,NE,gne,\ɲɛ\
82,NER,gneR,\ɲɛʁ\
83,NEl,gnel,\ɲɛl\
84,NEs,gnes,\ɲɛs\
85,NEt,gnet,\ɲɛt\
86,NEz,gnez,\ɲɛz\
87,NOR,gnOR,\ɲɔʁ\
88,NObl,gnObl,\ɲɔbl\
89,NOl,gnOl,\ɲɔl\
90,NOn,gnOn,\ɲɔn\
91,NOt,gnOt,\ɲɔt\
92,Na,gnA,\ɲa\
93,NaR,gnAR,\ɲaʁ\
94,NaRd,gnARd,\ɲaʁd\
95,NaZ,gnAge,\ɲaʒ\
96,Nabl,gnAbl,\ɲabl\
97,Nad,gnAd,\ɲad\
98,Nak,gnAk,\ɲak\
99,Nal,gnAl,\ɲal\
100,Nam,gnAm,\ɲam\
101,Nas,gnAs,\ɲas\
102,Nat,gnAt,\ɲat\
103,Ne,gne,\ɲe\
104,Ni,gnI,\ɲi\
105,NiR,gnIR,\ɲiʁ\
106,Nim,gnIm,\ɲim\
107,Nis,gnIs,\ɲis\
108,Nit,gnIt,\ɲit\
109,No,gno,\ɲo\
110,NoR,gnoR,\ɲoʁ\
111,Nol,gnol,\ɲol\
112,Nos,gnos,\ɲos\
113,Nuf,gnOuf,\ɲuf\
114,Nul,gnOul,\ɲul\
115,NwaR,gnwAR,\ɲwaʁ\
116,NyR,gnUR,\ɲyʁ\
117,N§,gnon,\ɲɔ̃\
118,OR,OR,\ɔʁ\
119,ORZ,ORge,\ɔʁʒ\
120,ORb,ORb,\ɔʁb\
121,ORd,ORd,\ɔʁd\
122,ORdR,ORdR,\ɔʁdʁ\
123,ORg,ORg,\ɔʁg\
124,ORk,ORk,\ɔʁk\
125,ORm,ORm,\ɔʁm\
126,ORn,ORn,\ɔʁn\
127,ORt,ORt,\ɔʁt\
128,OS,Och,\ɔʃ\
129,Ob,Ob,\ɔb\
130,Od,Od,\ɔd\
131,Of,Of,\ɔf\
132,OfR,OfR,\ɔfʁ\
133,OgR,OgR,\ɔgʁ\
134,Ojl,Oyl,\ɔjl\
135,Ok,Ok,\ɔk\
136,OkR,OkR,\ɔkʁ\
137,Ol,Ol,\ɔl\
138,Om,Om,\ɔm\
139,On,On,\ɔn\
140,Op,Op,\ɔp\
141,Opt,Opt,\ɔpt\
142,Os,Os,\ɔs\
143,Ost,Ost,\ɔst\
144,Ot,Ot,\ɔt\
145,Ov,Ov,\ɔv\
146,R2,Reu,\ʁø\
147,R2t,Reut,\ʁøt\
148,R2z,Reuz,\ʁøz\
149,R5,Rin,\ʁɛ̃\
150,R5g,Ring,\ʁɛ̃g\
151,R5k,Rink,\ʁɛ̃k\
152,R5ks,Rinks,\ʁɛ̃ks\
153,R5s,Rins,\ʁɛ̃s\
154,R5t,Rint,\ʁɛ̃t\
155,R8@,Ruian,\ʁɥã\
156,R8E,Ruie,\ʁɥɛ\
157,R8ER,RuieR,\ʁɥɛʁ\
158,R8El,Ruiel,\ʁɥɛl\
159,R8a,RuiA,\ʁɥa\
160,R8am,RuiAm,\ʁɥam\
161,R8e,Ruie,\ʁɥe\
162,R8i,RuiI,\ʁɥi\
163,R8in,RuiIn,\ʁɥin\
164,R8it,RuiIt,\ʁɥit\
165,R8§,Ruion,\ʁɥɔ̃\
166,R9R,ReuR,\ʁœʁ\
167,R9S,Reuch,\ʁœʃ\
168,R9j,Reuy,\ʁœj\
169,R9s,Reus,\ʁœs\
170,R@,Ran,\ʁã\
171,R@S,Ranch,\ʁãʃ\
172,R@Z,Range,\ʁãʒ\
173,R@b,Ranb,\ʁãb\
174,R@d,Rand,\ʁãd\
175,R@dR,RandR,\ʁãdʁ\
176,R@fl,Ranfl,\ʁãfl\
177,R@g,Rang,\ʁãg\
178,R@nS,Rannch,\ʁãnʃ\
179,R@p,Ranp,\ʁãp\
180,R@s,Rans,\ʁãs\
181,R@t,Rant,\ʁãt\
182,R@tR,RantR,\ʁãtʁ\
183,R@tS,Rantch,\ʁãtʃ\
184,R@z,Ranz,\ʁãz\
185,RE,Re,\ʁɛ\
186,REN,Regn,\ʁɛɲ\
187,RER,ReR,\ʁɛʁ\
188,RES,Rech,\ʁɛʃ\
189,REd,Red,\ʁɛd\
190,REg,Reg,\ʁɛg\
191,REgl,Regl,\ʁɛgl\
192,REj,Rey,\ʁɛj\
193,REjs,Reys,\ʁɛjs\
194,REk,Rek,\ʁɛk\
195,REks,Reks,\ʁɛks\
196,REkt,Rekt,\ʁɛkt\
197,REl,Rel,\ʁɛl\
198,REm,Rem,\ʁɛm\
199,REn,Ren,\ʁɛn\
200,REp,Rep,\ʁɛp\
201,REps,Reps,\ʁɛps\
202,REs,Res,\ʁɛs\
203,REsk,Resk,\ʁɛsk\
204,REst,Rest,\ʁɛst\
205,REstR,RestR,\ʁɛstʁ\
206,REt,Ret,\ʁɛt\
207,REtR,RetR,\ʁɛtʁ\
208,REv,Rev,\ʁɛv\
209,REz,Rez,\ʁɛz\
210,RO,RO,\ʁɔ\
211,RON,ROgn,\ʁɔɲ\
212,ROR,ROR,\ʁɔʁ\
213,RORdR,RORdR,\ʁɔʁdʁ\
214,ROS,ROch,\ʁɔʃ\
215,ROZ,ROge,\ʁɔʒ\
216,ROb,ROb,\ʁɔb\
217,ROd,ROd,\ʁɔd\
218,ROfl,ROfl,\ʁɔfl\
219,ROg,ROg,\ʁɔg\
220,ROk,ROk,\ʁɔk\
221,ROl,ROl,\ʁɔl\
222,ROm,ROm,\ʁɔm\
223,ROn,ROn,\ʁɔn\
224,ROp,ROp,\ʁɔp\
225,ROs,ROs,\ʁɔs\
226,ROst,ROst,\ʁɔst\
227,ROstR,ROstR,\ʁɔstʁ\
228,ROt,ROt,\ʁɔt\
229,Ra,RA,\ʁa\
230,RaR,RAR,\ʁaʁ\
231,RaRd,RARd,\ʁaʁd\
232,RaRm,RARm,\ʁaʁm\
233,RaS,RAch,\ʁaʃ\
234,RaZ,RAge,\ʁaʒ\
235,Rab,RAb,\ʁab\
236,Rabl,RAbl,\ʁabl\
237,Rad,RAd,\ʁad\
238,Raf,RAf,\ʁaf\
239,Rafl,RAfl,\ʁafl\
240,Raft,RAft,\ʁaft\
241,Rag,RAg,\ʁag\
242,Raj,RAy,\ʁaj\
243,RajS,RAych,\ʁajʃ\
244,Rajn,RAyn,\ʁajn\
245,Rajt,RAyt,\ʁajt\
246,Rak,RAk,\ʁak\
247,Rakl,RAkl,\ʁakl\
248,Raks,RAks,\ʁaks\
249,Rakt,RAkt,\ʁakt\
250,Ral,RAl,\ʁal\
251,Ram,RAm,\ʁam\
252,Ran,RAn,\ʁan\
253,Rap,RAp,\ʁap\
254,Rapt,RApt,\ʁapt\
255,Ras,RAs,\ʁas\
256,Rask,RAsk,\ʁask\
257,Rasm,RAsm,\ʁasm\
258,Rast,RAst,\ʁast\
259,Rat,RAt,\ʁat\
260,RatR,RAtR,\ʁatʁ\
261,Rav,RAv,\ʁav\
262,Raz,RAz,\ʁaz\
263,Re,Re,\ʁe\
264,Ref,Ref,\ʁef\
265,Reg,Reg,\ʁeg\
266,Rej,Rey,\ʁej\
267,Rf9j,Rfeuy,\ʁfœj\
268,Ri,RI,\ʁi\
269,RiG,RIng,\ʁiŋ\
270,RiR,RIR,\ʁiʁ\
271,RiS,RIch,\ʁiʃ\
272,RiZ,RIge,\ʁiʒ\
273,Ribd,RIbd,\ʁibd\
274,Ribl,RIbl,\ʁibl\
275,Rid,RId,\ʁid\
276,RidZ,RIdge,\ʁidʒ\
277,Rif,RIf,\ʁif\
278,Rifl,RIfl,\ʁifl\
279,Rift,RIft,\ʁift\
280,Rig,RIg,\ʁig\
281,Rigm,RIgm,\ʁigm\
282,Rij,RIy,\ʁij\
283,Rik,RIk,\ʁik\
284,Riks,RIks,\ʁiks\
285,Ril,RIl,\ʁil\
286,Rim,RIm,\ʁim\
287,Rin,RIn,\ʁin\
288,Rink,RInk,\ʁink\
289,Rint,RInt,\ʁint\
290,Rip,RIp,\ʁip\
291,Ripl,RIpl,\ʁipl\
292,Ris,RIs,\ʁis\
293,Risk,RIsk,\ʁisk\
294,Rism,RIsm,\ʁism\
295,Rist,RIst,\ʁist\
296,Rit,RIt,\ʁit\
297,Ritm,RItm,\ʁitm\
298,Riv,RIv,\ʁiv\
299,Riz,RIz,\ʁiz\
300,Rizm,RIzm,\ʁizm\
301,Rj2,Ryeu,\ʁjø\
302,Rj2z,Ryeuz,\ʁjøz\
303,Rj5,Ryin,\ʁjɛ̃\
304,Rj9R,RyeuR,\ʁjœʁ\
305,Rj@,Ryan,\ʁjã\
306,Rj@dR,RyandR,\ʁjãdʁ\
307,Rj@s,Ryans,\ʁjãs\
308,Rj@t,Ryant,\ʁjãt\
309,RjE,Rye,\ʁjɛ\
310,RjER,RyeR,\ʁjɛʁ\
311,RjEl,Ryel,\ʁjɛl\
312,RjEn,Ryen,\ʁjɛn\
313,RjEt,Ryet,\ʁjɛt\
314,RjOR,RyOR,\ʁjɔʁ\
315,RjOd,RyOd,\ʁjɔd\
316,RjOl,RyOl,\ʁjɔl\
317,RjOm,RyOm,\ʁjɔm\
318,Rja,RyA,\ʁja\
319,RjaZ,RyAge,\ʁjaʒ\
320,Rjabl,RyAbl,\ʁjabl\
321,Rjad,RyAd,\ʁjad\
322,Rjak,RyAk,\ʁjak\
323,Rjal,RyAl,\ʁjal\
324,Rjam,RyAm,\ʁjam\
325,Rjan,RyAn,\ʁjan\
326,Rjas,RyAs,\ʁjas\
327,Rjat,RyAt,\ʁjat\
328,RjatR,RyAtR,\ʁjatʁ\
329,Rje,Rye,\ʁje\
330,Rjo,Ryo,\ʁjo\
331,Rjoz,Ryoz,\ʁjoz\
332,Rjys,RyUs,\ʁjys\
333,Rj§,Ryon,\ʁjɔ̃\
334,RkaR,RkAR,\ʁkaʁ\
335,Rkl9b,Rkleub,\ʁklœb\
336,Rkle,Rkle,\ʁkle\
337,Rla,RlA,\ʁla\
338,Rma,RmA,\ʁma\
339,Ro,Ro,\ʁo\
340,Rod,Rod,\ʁod\
341,Rok,Rok,\ʁok\
342,Rol,Rol,\ʁol\
343,Rom,Rom,\ʁom\
344,Ron,Ron,\ʁon\
345,Ros,Ros,\ʁos\
346,Rot,Rot,\ʁot\
347,Roz,Roz,\ʁoz\
348,Ru,ROu,\ʁu\
349,RuS,ROuch,\ʁuʃ\
350,RuZ,ROuge,\ʁuʒ\
351,Rub,ROub,\ʁub\
352,Rubl,ROubl,\ʁubl\
353,Rud,ROud,\ʁud\
354,Ruf,ROuf,\ʁuf\
355,Rufl,ROufl,\ʁufl\
356,Ruj,ROuy,\ʁuj\
357,Rul,ROul,\ʁul\
358,Rum,ROum,\ʁum\
359,Rund,ROund,\ʁund\
360,Rus,ROus,\ʁus\
361,Rust,ROust,\ʁust\
362,Rut,ROut,\ʁut\
363,RuvR,ROuvR,\ʁuvʁ\
364,Rw@,Rwan,\ʁwã\
365,RwE,Rwe,\ʁwɛ\
366,RwEl,Rwel,\ʁwɛl\
367,RwEst,Rwest,\ʁwɛst\
368,RwEt,Rwet,\ʁwɛt\
369,Rwa,RwA,\ʁwa\
370,RwaR,RwAR,\ʁwaʁ\
371,RwaZ,RwAge,\ʁwaʒ\
372,Rwad,RwAd,\ʁwad\
373,Rwal,RwAl,\ʁwal\
374,Rwas,RwAs,\ʁwas\
375,Rwat,RwAt,\ʁwat\
376,RwatR,RwAtR,\ʁwatʁ\
377,Rwaz,RwAz,\ʁwaz\
378,Rwe,Rwe,\ʁwe\
379,Rwi,RwI,\ʁwi\
380,Rwis,RwIs,\ʁwis\
381,Ry,RU,\ʁy\
382,RyR,RUR,\ʁyʁ\
383,RyS,RUch,\ʁyʃ\
384,Ryd,RUd,\ʁyd\
385,Ryk,RUk,\ʁyk\
386,Rykt,RUkt,\ʁykt\
387,Ryl,RUl,\ʁyl\
388,Rym,RUm,\ʁym\
389,Ryn,RUn,\ʁyn\
390,Rys,RUs,\ʁys\
391,RystR,RUstR,\ʁystʁ\
392,Ryt,RUt,\ʁyt\
393,Ryz,RUz,\ʁyz\
394,R§,Ron,\ʁɔ̃\
395,R§Z,Ronge,\ʁɔ̃ʒ\
396,R§b,Ronb,\ʁɔ̃b\
397,R§d,Rond,\ʁɔ̃d\
398,R§fl,Ronfl,\ʁɔ̃fl\
399,R§g,Rong,\ʁɔ̃g\
400,R§kl,Ronkl,\ʁɔ̃kl\
401,R§p,Ronp,\ʁɔ̃p\
402,R§pR,RonpR,\ʁɔ̃pʁ\
403,R§s,Rons,\ʁɔ̃s\
404,R§t,Ront,\ʁɔ̃t\
405,S1t,chunt,\ʃœ̃t\
406,S2,cheu,\ʃø\
407,S2z,cheuz,\ʃøz\
408,S5,chin,\ʃɛ̃\
409,S5gl,chingl,\ʃɛ̃gl\
410,S85t,chuiint,\ʃɥɛ̃t\
411,S9R,cheuR,\ʃœʁ\
412,S9Rt,cheuRt,\ʃœʁt\
413,S9n,cheun,\ʃœn\
414,S9nt,cheunt,\ʃœnt\
415,S9p,cheup,\ʃœp\
416,S@,chan,\ʃã\
417,S@Z,change,\ʃãʒ\
418,S@bR,chanbR,\ʃãbʁ\
419,S@d,chand,\ʃãd\
420,S@kR,chankR,\ʃãkʁ\
421,S@p,chanp,\ʃãp\
422,S@s,chans,\ʃãs\
423,S@t,chant,\ʃãt\
424,S@tR,chantR,\ʃãtʁ\
425,S@vR,chanvR,\ʃãvʁ\
426,SE,che,\ʃɛ\
427,SER,cheR,\ʃɛʁ\
428,SERS,cheRch,\ʃɛʁʃ\
429,SES,chech,\ʃɛʃ\
430,SEd,ched,\ʃɛd\
431,SEf,chef,\ʃɛf\
432,SEk,chek,\ʃɛk\
433,SEl,chel,\ʃɛl\
434,SEm,chem,\ʃɛm\
435,SEn,chen,\ʃɛn\
436,SEs,ches,\ʃɛs\
437,SEt,chet,\ʃɛt\
438,SEv,chev,\ʃɛv\
439,SEvR,chevR,\ʃɛvʁ\
440,SEz,chez,\ʃɛz\
441,SOR,chOR,\ʃɔʁ\
442,SORt,chORt,\ʃɔʁt\
443,SOf,chOf,\ʃɔf\
444,SOk,chOk,\ʃɔk\
445,SOm,chOm,\ʃɔm\
446,SOn,chOn,\ʃɔn\
447,SOp,chOp,\ʃɔp\
448,SOt,chOt,\ʃɔt\
449,SRam,chRAm,\ʃʁam\
450,Sa,chA,\ʃa\
451,SaR,chAR,\ʃaʁ\
452,SaRZ,chARge,\ʃaʁʒ\
453,SaRd,chARd,\ʃaʁd\
454,SaRl,chARl,\ʃaʁl\
455,SaRm,chARm,\ʃaʁm\
456,SaRn,chARn,\ʃaʁn\
457,SaRp,chARp,\ʃaʁp\
458,SaRt,chARt,\ʃaʁt\
459,SaRtR,chARtR,\ʃaʁtʁ\
460,SaZ,chAge,\ʃaʒ\
461,Sabl,chAbl,\ʃabl\
462,Sad,chAd,\ʃad\
463,Sak,chAk,\ʃak\
464,Sal,chAl,\ʃal\
465,Sam,chAm,\ʃam\
466,Sap,chAp,\ʃap\
467,Sas,chAs,\ʃas\
468,Sast,chAst,\ʃast\
469,Sat,chAt,\ʃat\
470,SatR,chAtR,\ʃatʁ\
471,Sav,chAv,\ʃav\
472,Sb°b,chbb,\ʃbb\
473,Se,che,\ʃe\
474,Sef,chef,\ʃef\
475,Si,chI,\ʃi\
476,SiG,chIng,\ʃiŋ\
477,SiN,chIgn,\ʃiɲ\
478,SiR,chIR,\ʃiʁ\
479,SiS,chIch,\ʃiʃ\
480,SibR,chIbR,\ʃibʁ\
481,Sid,chId,\ʃid\
482,Sif,chIf,\ʃif\
483,SifR,chIfR,\ʃifʁ\
484,Sift,chIft,\ʃift\
485,Sik,chIk,\ʃik\
486,Sil,chIl,\ʃil\
487,Sim,chIm,\ʃim\
488,Sin,chIn,\ʃin\
489,Sints,chInts,\ʃints\
490,Sip,chIp,\ʃip\
491,SipR,chIpR,\ʃipʁ\
492,Sips,chIps,\ʃips\
493,Sis,chIs,\ʃis\
494,Sism,chIsm,\ʃism\
495,Sist,chIst,\ʃist\
496,Sit,chIt,\ʃit\
497,Siv,chIv,\ʃiv\
498,Siz,chIz,\ʃiz\
499,Sizm,chIzm,\ʃizm\
500,Sj2z,chyeuz,\ʃjøz\
501,Sj5,chyin,\ʃjɛ̃\
502,Sj9R,chyeuR,\ʃjœʁ\
503,Sj@,chyan,\ʃjã\
504,Sj@t,chyant,\ʃjãt\
505,SjE,chye,\ʃjɛ\
506,SjER,chyeR,\ʃjɛʁ\
507,SjEn,chyen,\ʃjɛn\
508,SjOl,chyOl,\ʃjɔl\
509,SjOt,chyOt,\ʃjɔt\
510,Sja,chyA,\ʃja\
511,SjaR,chyAR,\ʃjaʁ\
512,Sjal,chyAl,\ʃjal\
513,Sjas,chyAs,\ʃjas\
514,Sje,chye,\ʃje\
515,Sjo,chyo,\ʃjo\
516,SjuRm,chyOuRm,\ʃjuʁm\
517,SjyR,chyUR,\ʃjyʁ\
518,Sj§,chyon,\ʃjɔ̃\
519,SkOwt,chkOwt,\ʃkɔwt\
520,Sl2,chleu,\ʃlø\
521,Sl5Z,chlinge,\ʃlɛ̃ʒ\
522,Sl5g,chling,\ʃlɛ̃g\
523,SlEm,chlem,\ʃlɛm\
524,Slag,chlAg,\ʃlag\
525,Slas,chlAs,\ʃlas\
526,Slik,chlIk,\ʃlik\
527,Slit,chlIt,\ʃlit\
528,SmEkt,chmekt,\ʃmɛkt\
529,SmEnt,chment,\ʃmɛnt\
530,Sman,chmAn,\ʃman\
531,SnOk,chnOk,\ʃnɔk\
532,Snaps,chnAps,\ʃnaps\
533,Snik,chnIk,\ʃnik\
534,Snuf,chnOuf,\ʃnuf\
535,So,cho,\ʃo\
536,Sod,chod,\ʃod\
537,Sof,chof,\ʃof\
538,Sol,chol,\ʃol\
539,Som,chom,\ʃom\
540,Son,chon,\ʃon\
541,Sos,chos,\ʃos\
542,Sov,chov,\ʃov\
543,Soz,choz,\ʃoz\
544,Spil,chpIl,\ʃpil\
545,Spin,chpIn,\ʃpin\
546,SsmaRk,chsmARk,\ʃsmaʁk\
547,Sstag,chstAg,\ʃstag\
548,StR2m,chtReum,\ʃtʁøm\
549,StRumf,chtROumf,\ʃtʁumf\
550,StaR,chtAR,\ʃtaʁ\
551,Stib,chtIb,\ʃtib\
552,Stuj,chtOuy,\ʃtuj\
553,Su,chOu,\ʃu\
554,SuN,chOugn,\ʃuɲ\
555,SuR,chOuR,\ʃuʁ\
556,Sub,chOub,\ʃub\
557,Suj,chOuy,\ʃuj\
558,Sum,chOum,\ʃum\
559,Sun,chOun,\ʃun\
560,Sus,chOus,\ʃus\
561,Sut,chOut,\ʃut\
562,Suz,chOuz,\ʃuz\
563,SvER,chveR,\ʃvɛʁ\
564,Sw9Rk,chweuRk,\ʃwœʁk\
565,Sw@,chwan,\ʃwã\
566,SwE,chwe,\ʃwɛ\
567,SwER,chweR,\ʃwɛʁ\
568,SwEt,chwet,\ʃwɛt\
569,Swa,chwA,\ʃwa\
570,SwaR,chwAR,\ʃwaʁ\
571,SwaZ,chwAge,\ʃwaʒ\
572,Swam,chwAm,\ʃwam\
573,Swaz,chwAz,\ʃwaz\
574,Swe,chwe,\ʃwe\
575,Swi,chwI,\ʃwi\
576,Sw§,chwon,\ʃwɔ̃\
577,Sy,chU,\ʃy\
578,SyR,chUR,\ʃyʁ\
579,Syt,chUt,\ʃyt\
580,S§,chon,\ʃɔ̃\
581,S°,ch,\ʃ\
582,S°n,chn,\ʃn\
583,Z,ge,\ʒ\
584,Z1,geun,\ʒœ̃\
585,Z1gl,geungl,\ʒœ̃gl\
586,Z1t,geunt,\ʒœ̃t\
587,Z2,geeu,\ʒø\
588,Z2n,geeun,\ʒøn\
589,Z2z,geeuz,\ʒøz\
590,Z5,gein,\ʒɛ̃\
591,Z5b,geinb,\ʒɛ̃b\
592,Z5dR,geindR,\ʒɛ̃dʁ\
593,Z5g,geing,\ʒɛ̃g\
594,Z85,geuiin,\ʒɥɛ̃\
595,Z8if,geuiIf,\ʒɥif\
596,Z8iv,geuiIv,\ʒɥiv\
597,Z9R,geeuR,\ʒœʁ\
598,Z9n,geeun,\ʒœn\
599,Z@,gean,\ʒã\
600,Z@R,geanR,\ʒãʁ\
601,Z@b,geanb,\ʒãb\
602,Z@bR,geanbR,\ʒãbʁ\
603,Z@d,geand,\ʒãd\
604,Z@dR,geandR,\ʒãdʁ\
605,Z@s,geans,\ʒãs\
606,Z@t,geant,\ʒãt\
607,ZE,gee,\ʒɛ\
608,ZEN,geegn,\ʒɛɲ\
609,ZER,geeR,\ʒɛʁ\
610,ZERb,geeRb,\ʒɛʁb\
611,ZERm,geeRm,\ʒɛʁm\
612,ZERs,geeRs,\ʒɛʁs\
613,ZEbR,geebR,\ʒɛbʁ\
614,ZEkt,geekt,\ʒɛkt\
615,ZEl,geel,\ʒɛl\
616,ZEm,geem,\ʒɛm\
617,ZEn,geen,\ʒɛn\
618,ZEp,geep,\ʒɛp\
619,ZEs,gees,\ʒɛs\
620,ZEst,geest,\ʒɛst\
621,ZEt,geet,\ʒɛt\
622,ZEz,geez,\ʒɛz\
623,ZOR,geOR,\ʒɔʁ\
624,ZOl,geOl,\ʒɔl\
625,ZOn,geOn,\ʒɔn\
626,ZOt,geOt,\ʒɔt\
627,Za,geA,\ʒa\
628,ZaR,geAR,\ʒaʁ\
629,ZaZ,geAge,\ʒaʒ\
630,Zabl,geAbl,\ʒabl\
631,Zad,geAd,\ʒad\
632,Zaf,geAf,\ʒaf\
633,Zaj,geAy,\ʒaj\
634,Zak,geAk,\ʒak\
635,Zaks,geAks,\ʒaks\
636,Zakt,geAkt,\ʒakt\
637,Zam,geAm,\ʒam\
638,Zan,geAn,\ʒan\
639,Zap,geAp,\ʒap\
640,Zas,geAs,\ʒas\
641,Zasp,geAsp,\ʒasp\
642,Zat,geAt,\ʒat\
643,ZatR,geAtR,\ʒatʁ\
644,Zaz,geAz,\ʒaz\
645,Ze,gee,\ʒe\
646,Zi,geI,\ʒi\
647,ZiG,geIng,\ʒiŋ\
648,ZiR,geIR,\ʒiʁ\
649,Zibl,geIbl,\ʒibl\
650,Zid,geId,\ʒid\
651,Zif,geIf,\ʒif\
652,Zifl,geIfl,\ʒifl\
653,Zig,geIg,\ʒig\
654,Zik,geIk,\ʒik\
655,Zikl,geIkl,\ʒikl\
656,Zil,geIl,\ʒil\
657,Zim,geIm,\ʒim\
658,Zin,geIn,\ʒin\
659,Zins,geIns,\ʒins\
660,Zips,geIps,\ʒips\
661,Zis,geIs,\ʒis\
662,Zism,geIsm,\ʒism\
663,Zist,geIst,\ʒist\
664,ZistR,geIstR,\ʒistʁ\
665,Zit,geIt,\ʒit\
666,Ziv,geIv,\ʒiv\
667,ZivR,geIvR,\ʒivʁ\
668,Ziz,geIz,\ʒiz\
669,Zizm,geIzm,\ʒizm\
670,Zj2,geyeu,\ʒjø\
671,Zj2z,geyeuz,\ʒjøz\
672,Zj5,geyin,\ʒjɛ̃\
673,Zj@,geyan,\ʒjã\
674,ZjE,geye,\ʒjɛ\
675,ZjER,geyeR,\ʒjɛʁ\
676,ZjEn,geyen,\ʒjɛn\
677,Zja,geyA,\ʒja\
678,Zjak,geyAk,\ʒjak\
679,Zjal,geyAl,\ʒjal\
680,Zje,geye,\ʒje\
681,Zjo,geyo,\ʒjo\
682,Zjom,geyom,\ʒjom\
683,Zjoz,geyoz,\ʒjoz\
684,Zj§,geyon,\ʒjɔ̃\
685,Zo,geo,\ʒo\
686,ZoZ,geoge,\ʒoʒ\
687,Zod,geod,\ʒod\
688,Zol,geol,\ʒol\
689,Zon,geon,\ʒon\
690,Zu,geOu,\ʒu\
691,ZuR,geOuR,\ʒuʁ\
692,ZuRn,geOuRn,\ʒuʁn\
693,Zukst,geOukst,\ʒukst\
694,Zul,geOul,\ʒul\
695,Zut,geOut,\ʒut\
696,Zw2z,geweuz,\ʒwøz\
697,Zw5,gewin,\ʒwɛ̃\
698,Zw5dR,gewindR,\ʒwɛ̃dʁ\
699,Zw5t,gewint,\ʒwɛ̃t\
700,Zw9R,geweuR,\ʒwœʁ\
701,Zw@,gewan,\ʒwã\
702,ZwE,gewe,\ʒwɛ\
703,ZwER,geweR,\ʒwɛʁ\
704,Zwa,gewA,\ʒwa\
705,ZwaN,gewAgn,\ʒwaɲ\
706,ZwaR,gewAR,\ʒwaʁ\
707,Zwabl,gewAbl,\ʒwabl\
708,Zwam,gewAm,\ʒwam\
709,Zwas,gewAs,\ʒwas\
710,Zwaz,gewAz,\ʒwaz\
711,Zwe,gewe,\ʒwe\
712,Zwi,gewI,\ʒwi\
713,ZwiR,gewIR,\ʒwiʁ\
714,Zwis,gewIs,\ʒwis\
715,Zw§,gewon,\ʒwɔ̃\
716,Zy,geU,\ʒy\
717,ZyR,geUR,\ʒyʁ\
718,ZyS,geUch,\ʒyʃ\
719,ZyZ,geUge,\ʒyʒ\
720,Zyb,geUb,\ʒyb\
721,Zyg,geUg,\ʒyg\
722,Zyl,geUl,\ʒyl\
723,Zyp,geUp,\ʒyp\
724,Zysk,geUsk,\ʒysk\
725,Zyst,geUst,\ʒyst\
726,Zyt,geUt,\ʒyt\
727,Z§,geon,\ʒɔ̃\
728,Z§G,geonng,\ʒɔ̃ŋ\
729,Z§S,geonch,\ʒɔ̃ʃ\
730,Z§gl,geongl,\ʒɔ̃gl\
731,Z§k,geonk,\ʒɔ̃k\
732,Z§kt,geonkt,\ʒɔ̃kt\
733,Z°,ge,\ʒ\
734,a,A,\a\
735,aR,AR,\aʁ\
736,aRN,ARgn,\aʁɲ\
737,aRS,ARch,\aʁʃ\
738,aRbR,ARbR,\aʁbʁ\
739,aRd,ARd,\aʁd\
740,aRg,ARg,\aʁg\
741,aRk,ARk,\aʁk\
742,aRm,ARm,\aʁm\
743,aRp,ARp,\aʁp\
744,aS,Ach,\aʃ\
745,aZ,Age,\aʒ\
746,abl,Abl,\abl\
747,ad,Ad,\ad\
748,adZ,Adge,\adʒ\
749,afR,AfR,\afʁ\
750,aft,Aft,\aft\
751,aj,Ay,\aj\
752,ak,Ak,\ak\
753,akR,AkR,\akʁ\
754,aks,Aks,\aks\
755,akt,Akt,\akt\
756,al,Al,\al\
757,alb,Alb,\alb\
758,ald,Ald,\ald\
759,alg,Alg,\alg\
760,alp,Alp,\alp\
761,alt,Alt,\alt\
762,am,Am,\am\
763,an,An,\an\
764,ap,Ap,\ap\
765,apR,ApR,\apʁ\
766,apt,Apt,\apt\
767,as,As,\as\
768,asm,Asm,\asm\
769,aspR,AspR,\aspʁ\
770,ast,Ast,\ast\
771,astR,AstR,\astʁ\
772,at,At,\at\
773,atR,AtR,\atʁ\
774,av,Av,\av\
775,avR,AvR,\avʁ\
776,awns,Awns,\awns\
777,awt,Awt,\awt\
778,awz,Awz,\awz\
779,az,Az,\az\
780,b1,bun,\bœ̃\
781,b2,beu,\bø\
782,b2gl,beugl,\bøgl\
783,b2z,beuz,\bøz\
784,b5,bin,\bɛ̃\
785,b5t,bint,\bɛ̃t\
786,b8@,buian,\bɥã\
787,b8E,buie,\bɥɛ\
788,b8ER,buieR,\bɥɛʁ\
789,b8a,buiA,\bɥa\
790,b8abl,buiAbl,\bɥabl\
791,b8am,buiAm,\bɥam\
792,b8e,buie,\bɥe\
793,b8i,buiI,\bɥi\
794,b8iR,buiIR,\bɥiʁ\
795,b8§,buion,\bɥɔ̃\
796,b9R,beuR,\bœʁ\
797,b9Rg,beuRg,\bœʁg\
798,b9Rk,beuRk,\bœʁk\
799,b9Rn,beuRn,\bœʁn\
800,b9f,beuf,\bœf\
801,b9g,beug,\bœg\
802,b9gz,beugz,\bœgz\
803,b9l,beul,\bœl\
804,b9ldZ,beuldge,\bœldʒ\
805,b9n,beun,\bœn\
806,b@,ban,\bã\
807,b@S,banch,\bãʃ\
808,b@d,band,\bãd\
809,b@g,bang,\bãg\
810,b@k,bank,\bãk\
811,b@s,bans,\bãs\
812,b@t,bant,\bãt\
813,bE,be,\bɛ\
814,bEN,begn,\bɛɲ\
815,bER,beR,\bɛʁ\
816,bERZ,beRge,\bɛʁʒ\
817,bERb,beRb,\bɛʁb\
818,bERg,beRg,\bɛʁg\
819,bERk,beRk,\bɛʁk\
820,bERl,beRl,\bɛʁl\
821,bERm,beRm,\bɛʁm\
822,bERn,beRn,\bɛʁn\
823,bERs,beRs,\bɛʁs\
824,bERt,beRt,\bɛʁt\
825,bES,bech,\bɛʃ\
826,bEZ,bege,\bɛʒ\
827,bEg,beg,\bɛg\
828,bEj,bey,\bɛj\
829,bEk,bek,\bɛk\
830,bEkt,bekt,\bɛkt\
831,bEl,bel,\bɛl\
832,bElZ,belge,\bɛlʒ\
833,bEm,bem,\bɛm\
834,bEn,ben,\bɛn\
835,bEns,bens,\bɛns\
836,bEs,bes,\bɛs\
837,bEsk,besk,\bɛsk\
838,bEst,best,\bɛst\
839,bEt,bet,\bɛt\
840,bEz,bez,\bɛz\
841,bOR,bOR,\bɔʁ\
842,bORN,bORgn,\bɔʁɲ\
843,bORd,bORd,\bɔʁd\
844,bORdZ,bORdge,\bɔʁdʒ\
845,bORn,bORn,\bɔʁn\
846,bORtS,bORtch,\bɔʁtʃ\
847,bOS,bOch,\bɔʃ\
848,bOb,bOb,\bɔb\
849,bOf,bOf,\bɔf\
850,bOg,bOg,\bɔg\
851,bOj,bOy,\bɔj\
852,bOjz,bOyz,\bɔjz\
853,bOk,bOk,\bɔk\
854,bOks,bOks,\bɔks\
855,bOl,bOl,\bɔl\
856,bOlZ,bOlge,\bɔlʒ\
857,bOld,bOld,\bɔld\
858,bOm,bOm,\bɔm\
859,bOn,bOn,\bɔn\
860,bOp,bOp,\bɔp\
861,bOs,bOs,\bɔs\
862,bOt,bOt,\bɔt\
863,bOwt,bOwt,\bɔwt\
864,bR,bR,\bʁ\
865,bR1,bRun,\bʁœ̃\
866,bR2,bReu,\bʁø\
867,bR2z,bReuz,\bʁøz\
868,bR5,bRin,\bʁɛ̃\
869,bR5d,bRind,\bʁɛ̃d\
870,bR5g,bRing,\bʁɛ̃g\
871,bR8i,bRuiI,\bʁɥi\
872,bR8iR,bRuiIR,\bʁɥiʁ\
873,bR8in,bRuiIn,\bʁɥin\
874,bR8is,bRuiIs,\bʁɥis\
875,bR9R,bReuR,\bʁœʁ\
876,bR9j,bReuy,\bʁœj\
877,bR9nS,bReunch,\bʁœnʃ\
878,bR9v,bReuv,\bʁœv\
879,bR@,bRan,\bʁã\
880,bR@S,bRanch,\bʁãʃ\
881,bR@d,bRand,\bʁãd\
882,bR@k,bRank,\bʁãk\
883,bR@l,bRanl,\bʁãl\
884,bR@s,bRans,\bʁãs\
885,bR@t,bRant,\bʁãt\
886,bRE,bRe,\bʁɛ\
887,bRER,bReR,\bʁɛʁ\
888,bRES,bRech,\bʁɛʃ\
889,bREZ,bRege,\bʁɛʒ\
890,bREf,bRef,\bʁɛf\
891,bREj,bRey,\bʁɛj\
892,bREk,bRek,\bʁɛk\
893,bREl,bRel,\bʁɛl\
894,bREm,bRem,\bʁɛm\
895,bREst,bRest,\bʁɛst\
896,bREt,bRet,\bʁɛt\
897,bREv,bRev,\bʁɛv\
898,bREz,bRez,\bʁɛz\
899,bROS,bROch,\bʁɔʃ\
900,bROZ,bROge,\bʁɔʒ\
901,bROd,bROd,\bʁɔd\
902,bROk,bROk,\bʁɔk\
903,bROl,bROl,\bʁɔl\
904,bROs,bROs,\bʁɔs\
905,bRa,bRA,\bʁa\
906,bRaZ,bRAge,\bʁaʒ\
907,bRabl,bRAbl,\bʁabl\
908,bRad,bRAd,\bʁad\
909,bRaj,bRAy,\bʁaj\
910,bRak,bRAk,\bʁak\
911,bRal,bRAl,\bʁal\
912,bRam,bRAm,\bʁam\
913,bRan,bRAn,\bʁan\
914,bRas,bRAs,\bʁas\
915,bRav,bRAv,\bʁav\
916,bRaz,bRAz,\bʁaz\
917,bRe,bRe,\bʁe\
918,bRej,bRey,\bʁej\
919,bRi,bRI,\bʁi\
920,bRiR,bRIR,\bʁiʁ\
921,bRiZ,bRIge,\bʁiʒ\
922,bRib,bRIb,\bʁib\
923,bRid,bRId,\bʁid\
924,bRidZ,bRIdge,\bʁidʒ\
925,bRif,bRIf,\bʁif\
926,bRig,bRIg,\bʁig\
927,bRij,bRIy,\bʁij\
928,bRik,bRIk,\bʁik\
929,bRil,bRIl,\bʁil\
930,bRim,bRIm,\bʁim\
931,bRin,bRIn,\bʁin\
932,bRis,bRIs,\bʁis\
933,bRisk,bRIsk,\bʁisk\
934,bRist,bRIst,\bʁist\
935,bRit,bRIt,\bʁit\
936,bRiz,bRIz,\bʁiz\
937,bRizm,bRIzm,\bʁizm\
938,bRje,bRye,\bʁje\
939,bRo,bRo,\bʁo\
940,bRod,bRod,\bʁod\
941,bRom,bRom,\bʁom\
942,bRoz,bRoz,\bʁoz\
943,bRu,bROu,\bʁu\
944,bRuf,bROuf,\bʁuf\
945,bRuj,bROuy,\bʁuj\
946,bRuk,bROuk,\bʁuk\
947,bRum,bROum,\bʁum\
948,bRus,bROus,\bʁus\
949,bRut,bROut,\bʁut\
950,bRwa,bRwA,\bʁwa\
951,bRy,bRU,\bʁy\
952,bRyR,bRUR,\bʁyʁ\
953,bRyZ,bRUge,\bʁyʒ\
954,bRyl,bRUl,\bʁyl\
955,bRym,bRUm,\bʁym\
956,bRyn,bRUn,\bʁyn\
957,bRypt,bRUpt,\bʁypt\
958,bRysk,bRUsk,\bʁysk\
959,bRyt,bRUt,\bʁyt\
960,bR§,bRon,\bʁɔ̃\
961,bR§S,bRonch,\bʁɔ̃ʃ\
962,bR§z,bRonz,\bʁɔ̃z\
963,ba,bA,\ba\
964,baN,bAgn,\baɲ\
965,baR,bAR,\baʁ\
966,baRZ,bARge,\baʁʒ\
967,baRb,bARb,\baʁb\
968,baRd,bARd,\baʁd\
969,baRk,bARk,\baʁk\
970,baS,bAch,\baʃ\
971,baZ,bAge,\baʒ\
972,bab,bAb,\bab\
973,babl,bAbl,\babl\
974,bad,bAd,\bad\
975,badZ,bAdge,\badʒ\
976,baf,bAf,\baf\
977,bafR,bAfR,\bafʁ\
978,bafl,bAfl,\bafl\
979,bag,bAg,\bag\
980,baj,bAy,\baj\
981,bak,bAk,\bak\
982,bakl,bAkl,\bakl\
983,bal,bAl,\bal\
984,balt,bAlt,\balt\
985,bam,bAm,\bam\
986,ban,bAn,\ban\
987,bas,bAs,\bas\
988,bask,bAsk,\bask\
989,bast,bAst,\bast\
990,bat,bAt,\bat\
991,batR,bAtR,\batʁ\
992,bav,bAv,\bav\
993,baws,bAws,\baws\
994,baz,bAz,\baz\
995,be,be,\be\
996,beR,beR,\beʁ\
997,beks,beks,\beks\
998,bel,bel,\bel\
999,bi,bI,\bi\
1000,biG,bIng,\biŋ\
1001,biN,bIgn,\biɲ\
1002,biR,bIR,\biʁ\
1003,biRb,bIRb,\biʁb\
1004,biS,bIch,\biʃ\
1005,bib,bIb,\bib\
1006,bibl,bIbl,\bibl\
1007,bid,bId,\bid\
1008,bif,bIf,\bif\
1009,big,bIg,\big\
1010,bigR,bIgR,\bigʁ\
1011,bigl,bIgl,\bigl\
1012,bij,bIy,\bij\
1013,bik,bIk,\bik\
1014,biks,bIks,\biks\
1015,bil,bIl,\bil\
1016,bim,bIm,\bim\
1017,bin,bIn,\bin\
1018,bins,bIns,\bins\
1019,bintS,bIntch,\bintʃ\
1020,binz,bInz,\binz\
1021,bip,bIp,\bip\
1022,bis,bIs,\bis\
1023,bisk,bIsk,\bisk\
1024,bist,bIst,\bist\
1025,bistR,bIstR,\bistʁ\
1026,bit,bIt,\bit\
1027,bitR,bItR,\bitʁ\
1028,biz,bIz,\biz\
1029,bizm,bIzm,\bizm\
1030,bj2z,byeuz,\bjøz\
1031,bj5,byin,\bjɛ̃\
1032,bj@,byan,\bjã\
1033,bj@s,byans,\bjãs\
1034,bj@t,byant,\bjãt\
1035,bjE,bye,\bjɛ\
1036,bjER,byeR,\bjɛʁ\
1037,bjEf,byef,\bjɛf\
1038,bjEl,byel,\bjɛl\
1039,bjEn,byen,\bjɛn\
1040,bjEz,byez,\bjɛz\
1041,bjOl,byOl,\bjɔl\
1042,bjOm,byOm,\bjɔm\
1043,bjOt,byOt,\bjɔt\
1044,bja,byA,\bja\
1045,bjaZ,byAge,\bjaʒ\
1046,bjad,byAd,\bjad\
1047,bjal,byAl,\bjal\
1048,bje,bye,\bje\
1049,bjo,byo,\bjo\
1050,bjoz,byoz,\bjoz\
1051,bj§,byon,\bjɔ̃\
1052,bj§t,byont,\bjɔ̃t\
1053,bl2,bleu,\blø\
1054,bl2z,bleuz,\bløz\
1055,bl5d,blind,\blɛ̃d\
1056,bl9R,bleuR,\blœʁ\
1057,bl9S,bleuch,\blœʃ\
1058,bl9f,bleuf,\blœf\
1059,bl@,blan,\blã\
1060,bl@S,blanch,\blãʃ\
1061,bl@k,blank,\blãk\
1062,bl@s,blans,\blãs\
1063,bl@t,blant,\blãt\
1064,blE,ble,\blɛ\
1065,blER,bleR,\blɛʁ\
1066,blES,blech,\blɛʃ\
1067,blEd,bled,\blɛd\
1068,blEm,blem,\blɛm\
1069,blEs,bles,\blɛs\
1070,blEt,blet,\blɛt\
1071,blEz,blez,\blɛz\
1072,blOb,blOb,\blɔb\
1073,blOk,blOk,\blɔk\
1074,blOt,blOt,\blɔt\
1075,bla,blA,\bla\
1076,blaR,blAR,\blaʁ\
1077,blaRd,blARd,\blaʁd\
1078,blaZ,blAge,\blaʒ\
1079,blabl,blAbl,\blabl\
1080,blag,blAg,\blag\
1081,blak,blAk,\blak\
1082,blam,blAm,\blam\
1083,blas,blAs,\blas\
1084,blast,blAst,\blast\
1085,blat,blAt,\blat\
1086,blaz,blAz,\blaz\
1087,ble,ble,\ble\
1088,bli,blI,\bli\
1089,bliR,blIR,\bliʁ\
1090,bliZ,blIge,\bliʒ\
1091,blik,blIk,\blik\
1092,blim,blIm,\blim\
1093,blis,blIs,\blis\
1094,blo,blo,\blo\
1095,blum,blOum,\blum\
1096,bluz,blOuz,\bluz\
1097,blyR,blUR,\blyʁ\
1098,bl§,blon,\blɔ̃\
1099,bl§d,blond,\blɔ̃d\
1100,bl§g,blong,\blɔ̃g\
1101,bl°,bl,\bl\
1102,bo,bo,\bo\
1103,boS,boch,\boʃ\
1104,boZ,boge,\boʒ\
1105,bod,bod,\bod\
1106,bof,bof,\bof\
1107,bol,bol,\bol\
1108,bom,bom,\bom\
1109,bon,bon,\bon\
1110,boz,boz,\boz\
1111,bu,bOu,\bu\
1112,buN,bOugn,\buɲ\
1113,buR,bOuR,\buʁ\
1114,buRZ,bOuRge,\buʁʒ\
1115,buRb,bOuRb,\buʁb\
1116,buRd,bOuRd,\buʁd\
1117,buRg,bOuRg,\buʁg\
1118,buRs,bOuRs,\buʁs\
1119,buS,bOuch,\buʃ\
1120,buZ,bOuge,\buʒ\
1121,bud,bOud,\bud\
1122,buf,bOuf,\buf\
1123,bugR,bOugR,\bugʁ\
1124,buj,bOuy,\buj\
1125,buk,bOuk,\buk\
1126,bukl,bOukl,\bukl\
1127,bul,bOul,\bul\
1128,bum,bOum,\bum\
1129,bus,bOus,\bus\
1130,but,bOut,\but\
1131,butR,bOutR,\butʁ\
1132,buts,bOuts,\buts\
1133,buz,bOuz,\buz\
1134,bw2,bweu,\bwø\
1135,bw2z,bweuz,\bwøz\
1136,bw5,bwin,\bwɛ̃\
1137,bw9R,bweuR,\bwœʁ\
1138,bwa,bwA,\bwa\
1139,bwaR,bwAR,\bwaʁ\
1140,bwaj,bwAy,\bwaj\
1141,bwan,bwAn,\bwan\
1142,bwat,bwAt,\bwat\
1143,bwav,bwAv,\bwav\
1144,bwaz,bwAz,\bwaz\
1145,bwe,bwe,\bwe\
1146,bwi,bwI,\bwi\
1147,bwif,bwIf,\bwif\
1148,bwin,bwIn,\bwin\
1149,by,bU,\by\
1150,byN,bUgn,\byɲ\
1151,byR,bUR,\byʁ\
1152,byRn,bURn,\byʁn\
1153,byS,bUch,\byʃ\
1154,byZ,bUge,\byʒ\
1155,byfl,bUfl,\byfl\
1156,bygl,bUgl,\bygl\
1157,byk,bUk,\byk\
1158,byl,bUl,\byl\
1159,bylb,bUlb,\bylb\
1160,bym,bUm,\bym\
1161,byn,bUn,\byn\
1162,bys,bUs,\bys\
1163,bysk,bUsk,\bysk\
1164,byst,bUst,\byst\
1165,byt,bUt,\byt\
1166,byz,bUz,\byz\
1167,b§,bon,\bɔ̃\
1168,b§b,bonb,\bɔ̃b\
1169,b§d,bond,\bɔ̃d\
1170,b§z,bonz,\bɔ̃z\
1171,b°g,bg,\bg\
1172,d,d,\d\
1173,d2,deu,\dø\
1174,d2S,deuch,\døʃ\
1175,d2t,deut,\døt\
1176,d2z,deuz,\døz\
1177,d5,din,\dɛ̃\
1178,d5d,dind,\dɛ̃d\
1179,d5g,ding,\dɛ̃g\
1180,d8EN,duiegn,\dɥɛɲ\
1181,d8El,duiel,\dɥɛl\
1182,d8al,duiAl,\dɥal\
1183,d8e,duie,\dɥe\
1184,d8i,duiI,\dɥi\
1185,d8iR,duiIR,\dɥiʁ\
1186,d8it,duiIt,\dɥit\
1187,d8iz,duiIz,\dɥiz\
1188,d8o,duio,\dɥo\
1189,d9R,deuR,\dœʁ\
1190,d9j,deuy,\dœj\
1191,d9l,deul,\dœl\
1192,d9p,deup,\dœp\
1193,d9vR,deuvR,\dœvʁ\
1194,d@,dan,\dã\
1195,d@Z,dange,\dãʒ\
1196,d@d,dand,\dãd\
1197,d@g,dang,\dãg\
1198,d@s,dans,\dãs\
1199,d@t,dant,\dãt\
1200,dE,de,\dɛ\
1201,dEN,degn,\dɛɲ\
1202,dER,deR,\dɛʁ\
1203,dERS,deRch,\dɛʁʃ\
1204,dERm,deRm,\dɛʁm\
1205,dERn,deRn,\dɛʁn\
1206,dES,dech,\dɛʃ\
1207,dEdZ,dedge,\dɛdʒ\
1208,dEjl,deyl,\dɛjl\
1209,dEjlz,deylz,\dɛjlz\
1210,dEk,dek,\dɛk\
1211,dEks,deks,\dɛks\
1212,dEkstR,dekstR,\dɛkstʁ\
1213,dEl,del,\dɛl\
1214,dEm,dem,\dɛm\
1215,dEmn,demn,\dɛmn\
1216,dEn,den,\dɛn\
1217,dEns,dens,\dɛns\
1218,dEpt,dept,\dɛpt\
1219,dEs,des,\dɛs\
1220,dEsk,desk,\dɛsk\
1221,dEst,dest,\dɛst\
1222,dEstR,destR,\dɛstʁ\
1223,dEt,det,\dɛt\
1224,dEz,dez,\dɛz\
1225,dO,dO,\dɔ\
1226,dOR,dOR,\dɔʁ\
1227,dORl,dORl,\dɔʁl\
1228,dORm,dORm,\dɔʁm\
1229,dORn,dORn,\dɔʁn\
1230,dOS,dOch,\dɔʃ\
1231,dOZ,dOge,\dɔʒ\
1232,dOb,dOb,\dɔb\
1233,dObl,dObl,\dɔbl\
1234,dOg,dOg,\dɔg\
1235,dOgm,dOgm,\dɔgm\
1236,dOk,dOk,\dɔk\
1237,dOks,dOks,\dɔks\
1238,dOkt,dOkt,\dɔkt\
1239,dOl,dOl,\dɔl\
1240,dOm,dOm,\dɔm\
1241,dOn,dOn,\dɔn\
1242,dOp,dOp,\dɔp\
1243,dOpt,dOpt,\dɔpt\
1244,dOs,dOs,\dɔs\
1245,dOt,dOt,\dɔt\
1246,dR2,dReu,\dʁø\
1247,dR2z,dReuz,\dʁøz\
1248,dR5,dRin,\dʁɛ̃\
1249,dR5k,dRink,\dʁɛ̃k\
1250,dR8id,dRuiId,\dʁɥid\
1251,dR9R,dReuR,\dʁœʁ\
1252,dR9m,dReum,\dʁœm\
1253,dR@,dRan,\dʁã\
1254,dR@gl,dRangl,\dʁãgl\
1255,dRE,dRe,\dʁɛ\
1256,dRER,dReR,\dʁɛʁ\
1257,dREZ,dRege,\dʁɛʒ\
1258,dREn,dRen,\dʁɛn\
1259,dREs,dRes,\dʁɛs\
1260,dREt,dRet,\dʁɛt\
1261,dROg,dROg,\dʁɔg\
1262,dROks,dROks,\dʁɔks\
1263,dROm,dROm,\dʁɔm\
1264,dROn,dROn,\dʁɔn\
1265,dROp,dROp,\dʁɔp\
1266,dROs,dROs,\dʁɔs\
1267,dRa,dRA,\dʁa\
1268,dRaS,dRAch,\dʁaʃ\
1269,dRaZ,dRAge,\dʁaʒ\
1270,dRag,dRAg,\dʁag\
1271,dRaj,dRAy,\dʁaj\
1272,dRajv,dRAyv,\dʁajv\
1273,dRakm,dRAkm,\dʁakm\
1274,dRal,dRAl,\dʁal\
1275,dRam,dRAm,\dʁam\
1276,dRap,dRAp,\dʁap\
1277,dRas,dRAs,\dʁas\
1278,dRat,dRAt,\dʁat\
1279,dRav,dRAv,\dʁav\
1280,dRe,dRe,\dʁe\
1281,dRi,dRI,\dʁi\
1282,dRiG,dRIng,\dʁiŋ\
1283,dRiR,dRIR,\dʁiʁ\
1284,dRiZ,dRIge,\dʁiʒ\
1285,dRibl,dRIbl,\dʁibl\
1286,dRid,dRId,\dʁid\
1287,dRift,dRIft,\dʁift\
1288,dRij,dRIy,\dʁij\
1289,dRik,dRIk,\dʁik\
1290,dRil,dRIl,\dʁil\
1291,dRin,dRIn,\dʁin\
1292,dRis,dRIs,\dʁis\
1293,dRit,dRIt,\dʁit\
1294,dRiv,dRIv,\dʁiv\
1295,dRje,dRye,\dʁje\
1296,dRj§,dRyon,\dʁjɔ̃\
1297,dRo,dRo,\dʁo\
1298,dRol,dRol,\dʁol\
1299,dRom,dRom,\dʁom\
1300,dRon,dRon,\dʁon\
1301,dRuj,dROuy,\dʁuj\
1302,dRupl,dROupl,\dʁupl\
1303,dRwa,dRwA,\dʁwa\
1304,dRwat,dRwAt,\dʁwat\
1305,dRy,dRU,\dʁy\
1306,dRyS,dRUch,\dʁyʃ\
1307,dRyz,dRUz,\dʁyz\
1308,dR§,dRon,\dʁɔ̃\
1309,dR§t,dRont,\dʁɔ̃t\
1310,dR°,dR,\dʁ\
1311,dZ9R,dgeeuR,\dʒœʁ\
1312,dZERk,dgeeRk,\dʒɛʁk\
1313,dZEt,dgeet,\dʒɛt\
1314,dZOb,dgeOb,\dʒɔb\
1315,dZak,dgeAk,\dʒak\
1316,dZam,dgeAm,\dʒam\
1317,dZaz,dgeAz,\dʒaz\
1318,dZe,dgee,\dʒe\
1319,dZin,dgeIn,\dʒin\
1320,dZins,dgeIns,\dʒins\
1321,dZip,dgeIp,\dʒip\
1322,dZiz,dgeIz,\dʒiz\
1323,da,dA,\da\
1324,daR,dAR,\daʁ\
1325,daRd,dARd,\daʁd\
1326,daRm,dARm,\daʁm\
1327,daRn,dARn,\daʁn\
1328,daRs,dARs,\daʁs\
1329,daRtR,dARtR,\daʁtʁ\
1330,daS,dAch,\daʃ\
1331,daZ,dAge,\daʒ\
1332,dab,dAb,\dab\
1333,dabl,dAbl,\dabl\
1334,dad,dAd,\dad\
1335,dag,dAg,\dag\
1336,dagR,dAgR,\dagʁ\
1337,daj,dAy,\daj\
1338,dajt,dAyt,\dajt\
1339,dak,dAk,\dak\
1340,dakt,dAkt,\dakt\
1341,dal,dAl,\dal\
1342,dam,dAm,\dam\
1343,dan,dAn,\dan\
1344,dapt,dApt,\dapt\
1345,das,dAs,\das\
1346,dastR,dAstR,\dastʁ\
1347,dat,dAt,\dat\
1348,datR,dAtR,\datʁ\
1349,dav,dAv,\dav\
1350,davR,dAvR,\davʁ\
1351,dawn,dAwn,\dawn\
1352,daz,dAz,\daz\
1353,de,de,\de\
1354,dek,dek,\dek\
1355,dgRo,dgRo,\dgʁo\
1356,di,dI,\di\
1357,diG,dIng,\diŋ\
1358,diN,dIgn,\diɲ\
1359,diR,dIR,\diʁ\
1360,diS,dIch,\diʃ\
1361,diZ,dIge,\diʒ\
1362,dibl,dIbl,\dibl\
1363,did,dId,\did\
1364,dif,dIf,\dif\
1365,dig,dIg,\dig\
1366,digm,dIgm,\digm\
1367,dij,dIy,\dij\
1368,dik,dIk,\dik\
1369,dikt,dIkt,\dikt\
1370,dil,dIl,\dil\
1371,dim,dIm,\dim\
1372,din,dIn,\din\
1373,dip,dIp,\dip\
1374,dis,dIs,\dis\
1375,disk,dIsk,\disk\
1376,dism,dIsm,\dism\
1377,dist,dIst,\dist\
1378,dit,dIt,\dit\
1379,div,dIv,\div\
1380,diz,dIz,\diz\
1381,dizm,dIzm,\dizm\
1382,dj2,dyeu,\djø\
1383,dj2z,dyeuz,\djøz\
1384,dj5,dyin,\djɛ̃\
1385,dj@,dyan,\djã\
1386,dj@s,dyans,\djãs\
1387,dj@t,dyant,\djãt\
1388,dj@tR,dyantR,\djãtʁ\
1389,djE,dye,\djɛ\
1390,djER,dyeR,\djɛʁ\
1391,djEdR,dyedR,\djɛdʁ\
1392,djEm,dyem,\djɛm\
1393,djEn,dyen,\djɛn\
1394,djEs,dyes,\djɛs\
1395,djEt,dyet,\djɛt\
1396,djEz,dyez,\djɛz\
1397,djOd,dyOd,\djɔd\
1398,djOkR,dyOkR,\djɔkʁ\
1399,djOl,dyOl,\djɔl\
1400,djOm,dyOm,\djɔm\
1401,djOn,dyOn,\djɔn\
1402,djOptR,dyOptR,\djɔptʁ\
1403,djOt,dyOt,\djɔt\
1404,dja,dyA,\dja\
1405,djaR,dyAR,\djaʁ\
1406,djabl,dyAbl,\djabl\
1407,djak,dyAk,\djak\
1408,djakR,dyAkR,\djakʁ\
1409,djal,dyAl,\djal\
1410,djam,dyAm,\djam\
1411,djan,dyAn,\djan\
1412,djas,dyAs,\djas\
1413,djat,dyAt,\djat\
1414,djatR,dyAtR,\djatʁ\
1415,dje,dye,\dje\
1416,djo,dyo,\djo\
1417,djom,dyom,\djom\
1418,djoz,dyoz,\djoz\
1419,dju,dyOu,\dju\
1420,djyRn,dyURn,\djyʁn\
1421,djys,dyUs,\djys\
1422,dj§,dyon,\djɔ̃\
1423,dkRim,dkRIm,\dkʁim\
1424,dkaR,dkAR,\dkaʁ\
1425,dm8Et,dmuiet,\dmɥɛt\
1426,dmER,dmeR,\dmɛʁ\
1427,dmEn,dmen,\dmɛn\
1428,dman,dmAn,\dman\
1429,do,do,\do\
1430,dob,dob,\dob\
1431,dod,dod,\dod\
1432,dol,dol,\dol\
1433,dom,dom,\dom\
1434,dos,dos,\dos\
1435,dotR,dotR,\dotʁ\
1436,doz,doz,\doz\
1437,ds9Rf,dseuRf,\dsœʁf\
1438,dsi,dsI,\dsi\
1439,dspat,dspAt,\dspat\
1440,dst9R,dsteuR,\dstœʁ\
1441,dtOp,dtOp,\dtɔp\
1442,du,dOu,\du\
1443,duR,dOuR,\duʁ\
1444,duS,dOuch,\duʃ\
1445,dubl,dOubl,\dubl\
1446,duj,dOuy,\duj\
1447,duk,dOuk,\duk\
1448,dum,dOum,\dum\
1449,dun,dOun,\dun\
1450,dus,dOus,\dus\
1451,dut,dOut,\dut\
1452,duv,dOuv,\duv\
1453,duz,dOuz,\duz\
1454,dw5,dwin,\dwɛ̃\
1455,dw@,dwan,\dwã\
1456,dwE,dwe,\dwɛ\
1457,dwER,dweR,\dwɛʁ\
1458,dwEl,dwel,\dwɛl\
1459,dwEst,dwest,\dwɛst\
1460,dwa,dwA,\dwa\
1461,dwaR,dwAR,\dwaʁ\
1462,dwan,dwAn,\dwan\
1463,dwav,dwAv,\dwav\
1464,dwaz,dwAz,\dwaz\
1465,dwe,dwe,\dwe\
1466,dwin,dwIn,\dwin\
1467,dwitS,dwItch,\dwitʃ\
1468,dy,dU,\dy\
1469,dyR,dUR,\dyʁ\
1470,dyk,dUk,\dyk\
1471,dyl,dUl,\dyl\
1472,dylt,dUlt,\dylt\
1473,dym,dUm,\dym\
1474,dyn,dUn,\dyn\
1475,dyp,dUp,\dyp\
1476,dys,dUs,\dys\
1477,dyz,dUz,\dyz\
1478,d§,don,\dɔ̃\
1479,d§g,dong,\dɔ̃g\
1480,d§k,donk,\dɔ̃k\
1481,d§pt,donpt,\dɔ̃pt\
1482,d§t,dont,\dɔ̃t\
1483,d°,d,\d\
1484,d°n,dn,\dn\
1485,e,e,\e\
1486,en,en,\en\
1487,f1,fun,\fœ̃\
1488,f1k,funk,\fœ̃k\
1489,f1t,funt,\fœ̃t\
1490,f2,feu,\fø\
1491,f2Z,feuge,\føʒ\
1492,f2n,feun,\føn\
1493,f2tR,feutR,\føtʁ\
1494,f2z,feuz,\føz\
1495,f5,fin,\fɛ̃\
1496,f5d,find,\fɛ̃d\
1497,f5dR,findR,\fɛ̃dʁ\
1498,f5k,fink,\fɛ̃k\
1499,f5t,fint,\fɛ̃t\
1500,f8i,fuiI,\fɥi\
1501,f8iR,fuiIR,\fɥiʁ\
1502,f8is,fuiIs,\fɥis\
1503,f8it,fuiIt,\fɥit\
1504,f9R,feuR,\fœʁ\
1505,f9j,feuy,\fœj\
1506,f9l,feul,\fœl\
1507,f9st,feust,\fœst\
1508,f@,fan,\fã\
1509,f@Z,fange,\fãʒ\
1510,f@d,fand,\fãd\
1511,f@dR,fandR,\fãdʁ\
1512,f@g,fang,\fãg\
1513,f@s,fans,\fãs\
1514,f@t,fant,\fãt\
1515,fE,fe,\fɛ\
1516,fEN,fegn,\fɛɲ\
1517,fER,feR,\fɛʁ\
1518,fERl,feRl,\fɛʁl\
1519,fERm,feRm,\fɛʁm\
1520,fERt,feRt,\fɛʁt\
1521,fEZ,fege,\fɛʒ\
1522,fEb,feb,\fɛb\
1523,fEbl,febl,\fɛbl\
1524,fEk,fek,\fɛk\
1525,fEkt,fekt,\fɛkt\
1526,fEl,fel,\fɛl\
1527,fEm,fem,\fɛm\
1528,fEn,fen,\fɛn\
1529,fEs,fes,\fɛs\
1530,fEst,fest,\fɛst\
1531,fEt,fet,\fɛt\
1532,fEv,fev,\fɛv\
1533,fEvR,fevR,\fɛvʁ\
1534,fEz,fez,\fɛz\
1535,fOR,fOR,\fɔʁ\
1536,fORZ,fORge,\fɔʁʒ\
1537,fORb,fORb,\fɔʁb\
1538,fORd,fORd,\fɔʁd\
1539,fORm,fORm,\fɔʁm\
1540,fORs,fORs,\fɔʁs\
1541,fORt,fORt,\fɔʁt\
1542,fOb,fOb,\fɔb\
1543,fOjl,fOyl,\fɔjl\
1544,fOk,fOk,\fɔk\
1545,fOks,fOks,\fɔks\
1546,fOl,fOl,\fɔl\
1547,fOld,fOld,\fɔld\
1548,fOlk,fOlk,\fɔlk\
1549,fOn,fOn,\fɔn\
1550,fOs,fOs,\fɔs\
1551,fOt,fOt,\fɔt\
1552,fR2,fReu,\fʁø\
1553,fR2z,fReuz,\fʁøz\
1554,fR5,fRin,\fʁɛ̃\
1555,fR5dR,fRindR,\fʁɛ̃dʁ\
1556,fR5g,fRing,\fʁɛ̃g\
1557,fR5nd,fRinnd,\fʁɛ̃nd\
1558,fR5t,fRint,\fʁɛ̃t\
1559,fR8i,fRuiI,\fʁɥi\
1560,fR9R,fReuR,\fʁœʁ\
1561,fR@,fRan,\fʁã\
1562,fR@S,fRanch,\fʁãʃ\
1563,fR@Z,fRange,\fʁãʒ\
1564,fR@d,fRand,\fʁãd\
1565,fR@k,fRank,\fʁãk\
1566,fR@s,fRans,\fʁãs\
1567,fR@t,fRant,\fʁãt\
1568,fRE,fRe,\fʁɛ\
1569,fREN,fRegn,\fʁɛɲ\
1570,fRER,fReR,\fʁɛʁ\
1571,fRES,fRech,\fʁɛʃ\
1572,fREj,fRey,\fʁɛj\
1573,fREk,fRek,\fʁɛk\
1574,fREl,fRel,\fʁɛl\
1575,fREn,fRen,\fʁɛn\
1576,fREnS,fRench,\fʁɛnʃ\
1577,fREsk,fResk,\fʁɛsk\
1578,fREt,fRet,\fʁɛt\
1579,fREz,fRez,\fʁɛz\
1580,fRON,fROgn,\fʁɔɲ\
1581,fROk,fROk,\fʁɔk\
1582,fROt,fROt,\fʁɔt\
1583,fRa,fRA,\fʁa\
1584,fRaZ,fRAge,\fʁaʒ\
1585,fRabl,fRAbl,\fʁabl\
1586,fRagm,fRAgm,\fʁagm\
1587,fRak,fRAk,\fʁak\
1588,fRakt,fRAkt,\fʁakt\
1589,fRam,fRAm,\fʁam\
1590,fRan,fRAn,\fʁan\
1591,fRap,fRAp,\fʁap\
1592,fRask,fRAsk,\fʁask\
1593,fRaz,fRAz,\fʁaz\
1594,fRe,fRe,\fʁe\
1595,fRej,fRey,\fʁej\
1596,fRi,fRI,\fʁi\
1597,fRiR,fRIR,\fʁiʁ\
1598,fRiS,fRIch,\fʁiʃ\
1599,fRik,fRIk,\fʁik\
1600,fRim,fRIm,\fʁim\
1601,fRip,fRIp,\fʁip\
1602,fRis,fRIs,\fʁis\
1603,fRit,fRIt,\fʁit\
1604,fRits,fRIts,\fʁits\
1605,fRiz,fRIz,\fʁiz\
1606,fRo,fRo,\fʁo\
1607,fRod,fRod,\fʁod\
1608,fRol,fRol,\fʁol\
1609,fRost,fRost,\fʁost\
1610,fRu,fROu,\fʁu\
1611,fRus,fROus,\fʁus\
1612,fRwa,fRwA,\fʁwa\
1613,fRwad,fRwAd,\fʁwad\
1614,fRwas,fRwAs,\fʁwas\
1615,fRysk,fRUsk,\fʁysk\
1616,fRyst,fRUst,\fʁyst\
1617,fRystR,fRUstR,\fʁystʁ\
1618,fR§,fRon,\fʁɔ̃\
1619,fR§d,fRond,\fʁɔ̃d\
1620,fR§s,fRons,\fʁɔ̃s\
1621,fR§t,fRont,\fʁɔ̃t\
1622,fa,fA,\fa\
1623,faN,fAgn,\faɲ\
1624,faR,fAR,\faʁ\
1625,faRd,fARd,\faʁd\
1626,faRg,fARg,\faʁg\
1627,faRs,fARs,\faʁs\
1628,faS,fAch,\faʃ\
1629,faZ,fAge,\faʒ\
1630,fabl,fAbl,\fabl\
1631,fad,fAd,\fad\
1632,faf,fAf,\faf\
1633,faj,fAy,\faj\
1634,fak,fAk,\fak\
1635,faks,fAks,\faks\
1636,fakt,fAkt,\fakt\
1637,fal,fAl,\fal\
1638,falk,fAlk,\falk\
1639,falt,fAlt,\falt\
1640,fam,fAm,\fam\
1641,fan,fAn,\fan\
1642,fas,fAs,\fas\
1643,fasm,fAsm,\fasm\
1644,fast,fAst,\fast\
1645,fat,fAt,\fat\
1646,faz,fAz,\faz\
1647,fe,fe,\fe\
1648,fi,fI,\fi\
1649,fiG,fIng,\fiŋ\
1650,fiR,fIR,\fiʁ\
1651,fiRm,fIRm,\fiʁm\
1652,fiS,fIch,\fiʃ\
1653,fiStR,fIchtR,\fiʃtʁ\
1654,fiZ,fIge,\fiʒ\
1655,fibR,fIbR,\fibʁ\
1656,fid,fId,\fid\
1657,fidz,fIdz,\fidz\
1658,fifR,fIfR,\fifʁ\
1659,fig,fIg,\fig\
1660,fij,fIy,\fij\
1661,fik,fIk,\fik\
1662,fiks,fIks,\fiks\
1663,fil,fIl,\fil\
1664,fild,fIld,\fild\
1665,film,fIlm,\film\
1666,filtR,fIltR,\filtʁ\
1667,fim,fIm,\fim\
1668,fin,fIn,\fin\
1669,finS,fInch,\finʃ\
1670,finz,fInz,\finz\
1671,fis,fIs,\fis\
1672,fisk,fIsk,\fisk\
1673,fist,fIst,\fist\
1674,fit,fIt,\fit\
1675,fiz,fIz,\fiz\
1676,fizm,fIzm,\fizm\
1677,fj2,fyeu,\fjø\
1678,fj2z,fyeuz,\fjøz\
1679,fj5,fyin,\fjɛ̃\
1680,fj9R,fyeuR,\fjœʁ\
1681,fj@,fyan,\fjã\
1682,fj@s,fyans,\fjãs\
1683,fj@t,fyant,\fjãt\
1684,fjE,fye,\fjɛ\
1685,fjER,fyeR,\fjɛʁ\
1686,fjEf,fyef,\fjɛf\
1687,fjEl,fyel,\fjɛl\
1688,fjEn,fyen,\fjɛn\
1689,fjEvR,fyevR,\fjɛvʁ\
1690,fjORd,fyORd,\fjɔʁd\
1691,fjOl,fyOl,\fjɔl\
1692,fjOt,fyOt,\fjɔt\
1693,fja,fyA,\fja\
1694,fjabl,fyAbl,\fjabl\
1695,fjakR,fyAkR,\fjakʁ\
1696,fjam,fyAm,\fjam\
1697,fjas,fyAs,\fjas\
1698,fjask,fyAsk,\fjask\
1699,fjat,fyAt,\fjat\
1700,fje,fye,\fje\
1701,fjeR,fyeR,\fjeʁ\
1702,fjo,fyo,\fjo\
1703,fju,fyOu,\fju\
1704,fjul,fyOul,\fjul\
1705,fj§,fyon,\fjɔ̃\
1706,fkl9b,fkleub,\fklœb\
1707,fl2z,fleuz,\fløz\
1708,fl5g,fling,\flɛ̃g\
1709,fl8id,fluiId,\flɥid\
1710,fl9R,fleuR,\flœʁ\
1711,fl9Rt,fleuRt,\flœʁt\
1712,fl9S,fleuch,\flœʃ\
1713,fl9v,fleuv,\flœv\
1714,fl@,flan,\flã\
1715,fl@S,flanch,\flãʃ\
1716,fl@b,flanb,\flãb\
1717,fl@k,flank,\flãk\
1718,fl@t,flant,\flãt\
1719,flE,fle,\flɛ\
1720,flER,fleR,\flɛʁ\
1721,flES,flech,\flɛʃ\
1722,flEgm,flegm,\flɛgm\
1723,flEks,fleks,\flɛks\
1724,flEm,flem,\flɛm\
1725,flEt,flet,\flɛt\
1726,flOR,flOR,\flɔʁ\
1727,flOS,flOch,\flɔʃ\
1728,flOk,flOk,\flɔk\
1729,flOks,flOks,\flɔks\
1730,flOn,flOn,\flɔn\
1731,flOp,flOp,\flɔp\
1732,flOt,flOt,\flɔt\
1733,fla,flA,\fla\
1734,flaR,flAR,\flaʁ\
1735,flaRd,flARd,\flaʁd\
1736,flaS,flAch,\flaʃ\
1737,flaZ,flAge,\flaʒ\
1738,flabl,flAbl,\flabl\
1739,flag,flAg,\flag\
1740,flajf,flAyf,\flajf\
1741,flak,flAk,\flak\
1742,flam,flAm,\flam\
1743,flan,flAn,\flan\
1744,flap,flAp,\flap\
1745,flask,flAsk,\flask\
1746,flat,flAt,\flat\
1747,flav,flAv,\flav\
1748,fle,fle,\fle\
1749,fli,flI,\fli\
1750,fliZ,flIge,\fliʒ\
1751,flik,flIk,\flik\
1752,flint,flInt,\flint\
1753,flip,flIp,\flip\
1754,flo,flo,\flo\
1755,flu,flOu,\flu\
1756,flud,flOud,\flud\
1757,fluv,flOuv,\fluv\
1758,fluz,flOuz,\fluz\
1759,fly,flU,\fly\
1760,flyR,flUR,\flyʁ\
1761,flyb,flUb,\flyb\
1762,flyks,flUks,\flyks\
1763,flyt,flUt,\flyt\
1764,flyv,flUv,\flyv\
1765,fl§,flon,\flɔ̃\
1766,fo,fo,\fo\
1767,foS,foch,\foʃ\
1768,fod,fod,\fod\
1769,fom,fom,\fom\
1770,fon,fon,\fon\
1771,fos,fos,\fos\
1772,fot,fot,\fot\
1773,fov,fov,\fov\
1774,foz,foz,\foz\
1775,ftRak,ftRAk,\ftʁak\
1776,fu,fOu,\fu\
1777,fuG,fOung,\fuŋ\
1778,fuR,fOuR,\fuʁ\
1779,fuRS,fOuRch,\fuʁʃ\
1780,fuRb,fOuRb,\fuʁb\
1781,fuRg,fOuRg,\fuʁg\
1782,fuRm,fOuRm,\fuʁm\
1783,fuRn,fOuRn,\fuʁn\
1784,fuZ,fOuge,\fuʒ\
1785,fudR,fOudR,\fudʁ\
1786,fug,fOug,\fug\
1787,fuj,fOuy,\fuj\
1788,ful,fOul,\ful\
1789,fulk,fOulk,\fulk\
1790,fun,fOun,\fun\
1791,fut,fOut,\fut\
1792,futR,fOutR,\futʁ\
1793,fw5,fwin,\fwɛ̃\
1794,fw@,fwan,\fwã\
1795,fwE,fwe,\fwɛ\
1796,fwEn,fwen,\fwɛn\
1797,fwEt,fwet,\fwɛt\
1798,fwa,fwA,\fwa\
1799,fwaR,fwAR,\fwaʁ\
1800,fwaZ,fwAge,\fwaʒ\
1801,fwaj,fwAy,\fwaj\
1802,fwas,fwAs,\fwas\
1803,fwe,fwe,\fwe\
1804,fwi,fwI,\fwi\
1805,fwiR,fwIR,\fwiʁ\
1806,fwin,fwIn,\fwin\
1807,fwis,fwIs,\fwis\
1808,fy,fU,\fy\
1809,fyR,fUR,\fyʁ\
1810,fyRk,fURk,\fyʁk\
1811,fyZ,fUge,\fyʒ\
1812,fybl,fUbl,\fybl\
1813,fyg,fUg,\fyg\
1814,fyl,fUl,\fyl\
1815,fym,fUm,\fym\
1816,fyn,fUn,\fyn\
1817,fys,fUs,\fys\
1818,fysk,fUsk,\fysk\
1819,fyt,fUt,\fyt\
1820,fyz,fUz,\fyz\
1821,f§,fon,\fɔ̃\
1822,f§d,fond,\fɔ̃d\
1823,f§dR,fondR,\fɔ̃dʁ\
1824,f§s,fons,\fɔ̃s\
1825,f§t,font,\fɔ̃t\
1826,g2,geu,\gø\
1827,g2z,geuz,\gøz\
1828,g5,gin,\gɛ̃\
1829,g5S,ginch,\gɛ̃ʃ\
1830,g5d,gind,\gɛ̃d\
1831,g5p,ginp,\gɛ̃p\
1832,g8al,guiAl,\gɥal\
1833,g8e,guie,\gɥe\
1834,g8ij,guiIy,\gɥij\
1835,g8ism,guiIsm,\gɥism\
1836,g8ist,guiIst,\gɥist\
1837,g8izm,guiIzm,\gɥizm\
1838,g9R,geuR,\gœʁ\
1839,g9Rl,geuRl,\gœʁl\
1840,g9j,geuy,\gœj\
1841,g9l,geul,\gœl\
1842,g9ls,geuls,\gœls\
1843,g9n,geun,\gœn\
1844,g9t,geut,\gœt\
1845,g9ts,geuts,\gœts\
1846,g@,gan,\gã\
1847,g@b,ganb,\gãb\
1848,g@d,gand,\gãd\
1849,g@g,gang,\gãg\
1850,g@s,gans,\gãs\
1851,g@t,gant,\gãt\
1852,gE,ge,\gɛ\
1853,gER,geR,\gɛʁ\
1854,gEd,ged,\gɛd\
1855,gEj,gey,\gɛj\
1856,gEjm,geym,\gɛjm\
1857,gEjt,geyt,\gɛjt\
1858,gEl,gel,\gɛl\
1859,gElf,gelf,\gɛlf\
1860,gEn,gen,\gɛn\
1861,gEp,gep,\gɛp\
1862,gEt,get,\gɛt\
1863,gEtR,getR,\gɛtʁ\
1864,gEz,gez,\gɛz\
1865,gON,gOgn,\gɔɲ\
1866,gOR,gOR,\gɔʁ\
1867,gORZ,gORge,\gɔʁʒ\
1868,gORn,gORn,\gɔʁn\
1869,gOb,gOb,\gɔb\
1870,gOd,gOd,\gɔd\
1871,gOg,gOg,\gɔg\
1872,gOj,gOy,\gɔj\
1873,gOl,gOl,\gɔl\
1874,gOld,gOld,\gɔld\
1875,gOlf,gOlf,\gɔlf\
1876,gOm,gOm,\gɔm\
1877,gOn,gOn,\gɔn\
1878,gOs,gOs,\gɔs\
1879,gOt,gOt,\gɔt\
1880,gR2z,gReuz,\gʁøz\
1881,gR5,gRin,\gʁɛ̃\
1882,gR5S,gRinch,\gʁɛ̃ʃ\
1883,gR5g,gRing,\gʁɛ̃g\
1884,gR5p,gRinp,\gʁɛ̃p\
1885,gR5s,gRins,\gʁɛ̃s\
1886,gR9R,gReuR,\gʁœʁ\
1887,gR9nZ,gReunge,\gʁœnʒ\
1888,gR@,gRan,\gʁã\
1889,gR@Z,gRange,\gʁãʒ\
1890,gR@d,gRand,\gʁãd\
1891,gR@s,gRans,\gʁãs\
1892,gR@t,gRant,\gʁãt\
1893,gRE,gRe,\gʁɛ\
1894,gRER,gReR,\gʁɛʁ\
1895,gREZ,gRege,\gʁɛʒ\
1896,gREb,gReb,\gʁɛb\
1897,gREf,gRef,\gʁɛf\
1898,gREg,gReg,\gʁɛg\
1899,gREk,gRek,\gʁɛk\
1900,gREl,gRel,\gʁɛl\
1901,gREn,gRen,\gʁɛn\
1902,gREs,gRes,\gʁɛs\
1903,gREst,gRest,\gʁɛst\
1904,gREt,gRet,\gʁɛt\
1905,gREv,gRev,\gʁɛv\
1906,gRON,gROgn,\gʁɔɲ\
1907,gROg,gROg,\gʁɔg\
1908,gROl,gROl,\gʁɔl\
1909,gROm,gROm,\gʁɔm\
1910,gROt,gROt,\gʁɔt\
1911,gROv,gROv,\gʁɔv\
1912,gRa,gRA,\gʁa\
1913,gRad,gRAd,\gʁad\
1914,gRaf,gRAf,\gʁaf\
1915,gRaj,gRAy,\gʁaj\
1916,gRal,gRAl,\gʁal\
1917,gRam,gRAm,\gʁam\
1918,gRan,gRAn,\gʁan\
1919,gRap,gRAp,\gʁap\
1920,gRas,gRAs,\gʁas\
1921,gRat,gRAt,\gʁat\
1922,gRav,gRAv,\gʁav\
1923,gRawnd,gRAwnd,\gʁawnd\
1924,gRe,gRe,\gʁe\
1925,gReg,gReg,\gʁeg\
1926,gRi,gRI,\gʁi\
1927,gRiR,gRIR,\gʁiʁ\
1928,gRiS,gRIch,\gʁiʃ\
1929,gRif,gRIf,\gʁif\
1930,gRij,gRIy,\gʁij\
1931,gRil,gRIl,\gʁil\
1932,gRim,gRIm,\gʁim\
1933,gRin,gRIn,\gʁin\
1934,gRip,gRIp,\gʁip\
1935,gRis,gRIs,\gʁis\
1936,gRism,gRIsm,\gʁism\
1937,gRist,gRIst,\gʁist\
1938,gRiv,gRIv,\gʁiv\
1939,gRiz,gRIz,\gʁiz\
1940,gRizm,gRIzm,\gʁizm\
1941,gRo,gRo,\gʁo\
1942,gRos,gRos,\gʁos\
1943,gRuj,gROuy,\gʁuj\
1944,gRum,gROum,\gʁum\
1945,gRup,gROup,\gʁup\
1946,gRuz,gROuz,\gʁuz\
1947,gRw5,gRwin,\gʁwɛ̃\
1948,gRy,gRU,\gʁy\
1949,gRyR,gRUR,\gʁyʁ\
1950,gRyZ,gRUge,\gʁyʒ\
1951,gRym,gRUm,\gʁym\
1952,gRyt,gRUt,\gʁyt\
1953,gR§,gRon,\gʁɔ̃\
1954,gR§d,gRond,\gʁɔ̃d\
1955,ga,gA,\ga\
1956,gaN,gAgn,\gaɲ\
1957,gaR,gAR,\gaʁ\
1958,gaRd,gARd,\gaʁd\
1959,gaRs,gARs,\gaʁs\
1960,gaS,gAch,\gaʃ\
1961,gaZ,gAge,\gaʒ\
1962,gab,gAb,\gab\
1963,gabl,gAbl,\gabl\
1964,gad,gAd,\gad\
1965,gaf,gAf,\gaf\
1966,gag,gAg,\gag\
1967,gaj,gAy,\gaj\
1968,gal,gAl,\gal\
1969,galb,gAlb,\galb\
1970,gam,gAm,\gam\
1971,gan,gAn,\gan\
1972,gap,gAp,\gap\
1973,gas,gAs,\gas\
1974,gasm,gAsm,\gasm\
1975,gastR,gAstR,\gastʁ\
1976,gat,gAt,\gat\
1977,gav,gAv,\gav\
1978,gaz,gAz,\gaz\
1979,ge,ge,\ge\
1980,gej,gey,\gej\
1981,gi,gI,\gi\
1982,giG,gIng,\giŋ\
1983,giN,gIgn,\giɲ\
1984,giR,gIR,\giʁ\
1985,giS,gIch,\giʃ\
1986,gibl,gIbl,\gibl\
1987,gid,gId,\gid\
1988,gij,gIy,\gij\
1989,gik,gIk,\gik\
1990,gild,gIld,\gild\
1991,gin,gIn,\gin\
1992,gins,gIns,\gins\
1993,gis,gIs,\gis\
1994,gist,gIst,\gist\
1995,giz,gIz,\giz\
1996,gjER,gyeR,\gjɛʁ\
1997,gjOl,gyOl,\gjɔl\
1998,gjOm,gyOm,\gjɔm\
1999,gjaR,gyAR,\gjaʁ\
2000,gje,gye,\gje\
2001,gj§,gyon,\gjɔ̃\
2002,gl2,gleu,\glø\
2003,gl2z,gleuz,\gløz\
2004,gl5,glin,\glɛ̃\
2005,gl5g,gling,\glɛ̃g\
2006,gl9R,gleuR,\glœʁ\
2007,gl@,glan,\glã\
2008,gl@d,gland,\glãd\
2009,gl@t,glant,\glãt\
2010,glE,gle,\glɛ\
2011,glER,gleR,\glɛʁ\
2012,glEb,gleb,\glɛb\
2013,glEn,glen,\glɛn\
2014,glEt,glet,\glɛt\
2015,glEv,glev,\glɛv\
2016,glEz,glez,\glɛz\
2017,glOb,glOb,\glɔb\
2018,glOf,glOf,\glɔf\
2019,glOg,glOg,\glɔg\
2020,glOp,glOp,\glɔp\
2021,glOt,glOt,\glɔt\
2022,gla,glA,\gla\
2023,glaZ,glAge,\glaʒ\
2024,glabR,glAbR,\glabʁ\
2025,glabl,glAbl,\glabl\
2026,glan,glAn,\glan\
2027,glas,glAs,\glas\
2028,glat,glAt,\glat\
2029,gle,gle,\gle\
2030,gliS,glIch,\gliʃ\
2031,gliZ,glIge,\gliʒ\
2032,glid,glId,\glid\
2033,glif,glIf,\glif\
2034,glis,glIs,\glis\
2035,gliz,glIz,\gliz\
2036,glo,glo,\glo\
2037,glok,glok,\glok\
2038,gloz,gloz,\gloz\
2039,glu,glOu,\glu\
2040,glus,glOus,\glus\
2041,glut,glOut,\glut\
2042,glwaR,glwAR,\glwaʁ\
2043,gly,glU,\gly\
2044,glyR,glUR,\glyʁ\
2045,gl§,glon,\glɔ̃\
2046,gmEstR,gmestR,\gmɛstʁ\
2047,gnom,gnom,\gnom\
2048,gnoz,gnoz,\gnoz\
2049,gnu,gnOu,\gnu\
2050,go,go,\go\
2051,goS,goch,\goʃ\
2052,god,god,\god\
2053,gofR,gofR,\gofʁ\
2054,gol,gol,\gol\
2055,gon,gon,\gon\
2056,gop,gop,\gop\
2057,gos,gos,\gos\
2058,gu,gOu,\gu\
2059,guN,gOugn,\guɲ\
2060,guR,gOuR,\guʁ\
2061,guRd,gOuRd,\guʁd\
2062,guRm,gOuRm,\guʁm\
2063,guRt,gOuRt,\guʁt\
2064,guZ,gOuge,\guʒ\
2065,gufR,gOufR,\gufʁ\
2066,guj,gOuy,\guj\
2067,gul,gOul,\gul\
2068,gum,gOum,\gum\
2069,gun,gOun,\gun\
2070,gus,gOus,\gus\
2071,gust,gOust,\gust\
2072,gut,gOut,\gut\
2073,guz,gOuz,\guz\
2074,gw5,gwin,\gwɛ̃\
2075,gw5fR,gwinfR,\gwɛ̃fʁ\
2076,gw5s,gwins,\gwɛ̃s\
2077,gwE,gwe,\gwɛ\
2078,gwa,gwA,\gwa\
2079,gwaR,gwAR,\gwaʁ\
2080,gwaS,gwAch,\gwaʃ\
2081,gwaj,gwAy,\gwaj\
2082,gwal,gwAl,\gwal\
2083,gwam,gwAm,\gwam\
2084,gwan,gwAn,\gwan\
2085,gwap,gwAp,\gwap\
2086,gwas,gwAs,\gwas\
2087,gwatR,gwAtR,\gwatʁ\
2088,gwaz,gwAz,\gwaz\
2089,gwe,gwe,\gwe\
2090,gwin,gwIn,\gwin\
2091,gwo,gwo,\gwo\
2092,gy,gU,\gy\
2093,gyR,gUR,\gyʁ\
2094,gybR,gUbR,\gybʁ\
2095,gyl,gUl,\gyl\
2096,gym,gUm,\gym\
2097,gyn,gUn,\gyn\
2098,gys,gUs,\gys\
2099,gyst,gUst,\gyst\
2100,gyt,gUt,\gyt\
2101,gzj@g,gzyang,\gzjãg\
2102,g§,gon,\gɔ̃\
2103,g§d,gond,\gɔ̃d\
2104,g§fl,gonfl,\gɔ̃fl\
2105,g§g,gong,\gɔ̃g\
2106,g§s,gons,\gɔ̃s\
2107,g§z,gonz,\gɔ̃z\
2108,i,I,\i\
2109,iR,IR,\iʁ\
2110,ib,Ib,\ib\
2111,id,Id,\id\
2112,idR,IdR,\idʁ\
2113,idn,Idn,\idn\
2114,if,If,\if\
2115,ig,Ig,\ig\
2116,ik,Ik,\ik\
2117,iks,Iks,\iks\
2118,il,Il,\il\
2119,im,Im,\im\
2120,imn,Imn,\imn\
2121,in,In,\in\
2122,ip,Ip,\ip\
2123,is,Is,\is\
2124,ism,Ism,\ism\
2125,ist,Ist,\ist\
2126,it,It,\it\
2127,iv,Iv,\iv\
2128,ivR,IvR,\ivʁ\
2129,iz,Iz,\iz\
2130,izm,Izm,\izm\
2131,j2,yeu,\jø\
2132,j2z,yeuz,\jøz\
2133,j5,yin,\jɛ̃\
2134,j5n,yinn,\jɛ̃n\
2135,j9R,yeuR,\jœʁ\
2136,j9l,yeul,\jœl\
2137,j@,yan,\jã\
2138,j@b,yanb,\jãb\
2139,j@d,yand,\jãd\
2140,j@g,yang,\jãg\
2141,j@gl,yangl,\jãgl\
2142,j@s,yans,\jãs\
2143,j@t,yant,\jãt\
2144,jE,ye,\jɛ\
2145,jER,yeR,\jɛʁ\
2146,jES,yech,\jɛʃ\
2147,jEbl,yebl,\jɛbl\
2148,jEd,yed,\jɛd\
2149,jEf,yef,\jɛf\
2150,jEl,yel,\jɛl\
2151,jEm,yem,\jɛm\
2152,jEn,yen,\jɛn\
2153,jEs,yes,\jɛs\
2154,jEsk,yesk,\jɛsk\
2155,jEt,yet,\jɛt\
2156,jEz,yez,\jɛz\
2157,jORk,yORk,\jɔʁk\
2158,jOS,yOch,\jɔʃ\
2159,jOd,yOd,\jɔd\
2160,jOl,yOl,\jɔl\
2161,jOm,yOm,\jɔm\
2162,jOn,yOn,\jɔn\
2163,jOt,yOt,\jɔt\
2164,jOtl,yOtl,\jɔtl\
2165,ja,yA,\ja\
2166,jaR,yAR,\jaʁ\
2167,jaRS,yARch,\jaʁʃ\
2168,jaRd,yARd,\jaʁd\
2169,jaRk,yARk,\jaʁk\
2170,jaZ,yAge,\jaʒ\
2171,jabl,yAbl,\jabl\
2172,jad,yAd,\jad\
2173,jaj,yAy,\jaj\
2174,jak,yAk,\jak\
2175,jal,yAl,\jal\
2176,jam,yAm,\jam\
2177,jan,yAn,\jan\
2178,jas,yAs,\jas\
2179,jat,yAt,\jat\
2180,jav,yAv,\jav\
2181,je,ye,\je\
2182,ji,yI,\ji\
2183,jiG,yIng,\jiŋ\
2184,jiR,yIR,\jiʁ\
2185,jibl,yIbl,\jibl\
2186,jim,yIm,\jim\
2187,jin,yIn,\jin\
2188,jis,yIs,\jis\
2189,jist,yIst,\jist\
2190,jit,yIt,\jit\
2191,jiv,yIv,\jiv\
2192,jizm,yIzm,\jizm\
2193,jo,yo,\jo\
2194,jodl,yodl,\jodl\
2195,jom,yom,\jom\
2196,jot,yot,\jot\
2197,joz,yoz,\joz\
2198,ju,yOu,\ju\
2199,juRt,yOuRt,\juʁt\
2200,jup,yOup,\jup\
2201,jut,yOut,\jut\
2202,jutR,yOutR,\jutʁ\
2203,jy,yU,\jy\
2204,jyR,yUR,\jyʁ\
2205,jyl,yUl,\jyl\
2206,jys,yUs,\jys\
2207,jyt,yUt,\jyt\
2208,j§,yon,\jɔ̃\
2209,j§f,yonf,\jɔ̃f\
2210,k,k,\k\
2211,k1,kun,\kœ̃\
2212,k2,keu,\kø\
2213,k2m,keum,\køm\
2214,k2z,keuz,\køz\
2215,k5,kin,\kɛ̃\
2216,k5k,kink,\kɛ̃k\
2217,k5p,kinp,\kɛ̃p\
2218,k5t,kint,\kɛ̃t\
2219,k5z,kinz,\kɛ̃z\
2220,k8@,kuian,\kɥã\
2221,k8E,kuie,\kɥɛ\
2222,k8ER,kuieR,\kɥɛʁ\
2223,k8El,kuiel,\kɥɛl\
2224,k8Ol,kuiOl,\kɥɔl\
2225,k8Om,kuiOm,\kɥɔm\
2226,k8a,kuiA,\kɥa\
2227,k8aZ,kuiAge,\kɥaʒ\
2228,k8e,kuie,\kɥe\
2229,k8i,kuiI,\kɥi\
2230,k8iR,kuiIR,\kɥiʁ\
2231,k8is,kuiIs,\kɥis\
2232,k8ist,kuiIst,\kɥist\
2233,k8istR,kuiIstR,\kɥistʁ\
2234,k8it,kuiIt,\kɥit\
2235,k8ivR,kuiIvR,\kɥivʁ\
2236,k8iz,kuiIz,\kɥiz\
2237,k8y,kuiU,\kɥy\
2238,k8§,kuion,\kɥɔ̃\
2239,k9R,keuR,\kœʁ\
2240,k9Rs,keuRs,\kœʁs\
2241,k9f,keuf,\kœf\
2242,k9j,keuy,\kœj\
2243,k9ls,keuls,\kœls\
2244,k9p,keup,\kœp\
2245,k@,kan,\kã\
2246,k@S,kanch,\kãʃ\
2247,k@Z,kange,\kãʒ\
2248,k@bR,kanbR,\kãbʁ\
2249,k@d,kand,\kãd\
2250,k@fR,kanfR,\kãfʁ\
2251,k@g,kang,\kãg\
2252,k@kR,kankR,\kãkʁ\
2253,k@p,kanp,\kãp\
2254,k@s,kans,\kãs\
2255,k@t,kant,\kãt\
2256,k@tR,kantR,\kãtʁ\
2257,kE,ke,\kɛ\
2258,kER,keR,\kɛʁ\
2259,kERk,keRk,\kɛʁk\
2260,kERn,keRn,\kɛʁn\
2261,kEj,key,\kɛj\
2262,kEjs,keys,\kɛjs\
2263,kEk,kek,\kɛk\
2264,kEl,kel,\kɛl\
2265,kElk,kelk,\kɛlk\
2266,kEn,ken,\kɛn\
2267,kEnd,kend,\kɛnd\
2268,kEs,kes,\kɛs\
2269,kEstR,kestR,\kɛstʁ\
2270,kEt,ket,\kɛt\
2271,kEtS,ketch,\kɛtʃ\
2272,kEz,kez,\kɛz\
2273,kON,kOgn,\kɔɲ\
2274,kOR,kOR,\kɔʁ\
2275,kORS,kORch,\kɔʁʃ\
2276,kORd,kORd,\kɔʁd\
2277,kORn,kORn,\kɔʁn\
2278,kORs,kORs,\kɔʁs\
2279,kORt,kORt,\kɔʁt\
2280,kOS,kOch,\kɔʃ\
2281,kOb,kOb,\kɔb\
2282,kOd,kOd,\kɔd\
2283,kOf,kOf,\kɔf\
2284,kOfR,kOfR,\kɔfʁ\
2285,kOk,kOk,\kɔk\
2286,kOkt,kOkt,\kɔkt\
2287,kOl,kOl,\kɔl\
2288,kOlt,kOlt,\kɔlt\
2289,kOm,kOm,\kɔm\
2290,kOn,kOn,\kɔn\
2291,kOp,kOp,\kɔp\
2292,kOpt,kOpt,\kɔpt\
2293,kOs,kOs,\kɔs\
2294,kOsm,kOsm,\kɔsm\
2295,kOst,kOst,\kɔst\
2296,kOt,kOt,\kɔt\
2297,kOtR,kOtR,\kɔtʁ\
2298,kOv,kOv,\kɔv\
2299,kOwt,kOwt,\kɔwt\
2300,kOz,kOz,\kɔz\
2301,kR2,kReu,\kʁø\
2302,kR2z,kReuz,\kʁøz\
2303,kR5,kRin,\kʁɛ̃\
2304,kR5dR,kRindR,\kʁɛ̃dʁ\
2305,kR5t,kRint,\kʁɛ̃t\
2306,kR9R,kReuR,\kʁœʁ\
2307,kR@,kRan,\kʁã\
2308,kR@p,kRanp,\kʁãp\
2309,kR@t,kRant,\kʁãt\
2310,kRE,kRe,\kʁɛ\
2311,kREN,kRegn,\kʁɛɲ\
2312,kRER,kReR,\kʁɛʁ\
2313,kRES,kRech,\kʁɛʃ\
2314,kREm,kRem,\kʁɛm\
2315,kREp,kRep,\kʁɛp\
2316,kREt,kRet,\kʁɛt\
2317,kREv,kRev,\kʁɛv\
2318,kREz,kRez,\kʁɛz\
2319,kROS,kROch,\kʁɔʃ\
2320,kROb,kROb,\kʁɔb\
2321,kROk,kROk,\kʁɔk\
2322,kROm,kROm,\kʁɔm\
2323,kROn,kROn,\kʁɔn\
2324,kROs,kROs,\kʁɔs\
2325,kROt,kROt,\kʁɔt\
2326,kRa,kRA,\kʁa\
2327,kRaS,kRAch,\kʁaʃ\
2328,kRaZ,kRAge,\kʁaʒ\
2329,kRab,kRAb,\kʁab\
2330,kRabl,kRAbl,\kʁabl\
2331,kRabs,kRAbs,\kʁabs\
2332,kRad,kRAd,\kʁad\
2333,kRaft,kRAft,\kʁaft\
2334,kRaj,kRAy,\kʁaj\
2335,kRak,kRAk,\kʁak\
2336,kRal,kRAl,\kʁal\
2337,kRam,kRAm,\kʁam\
2338,kRan,kRAn,\kʁan\
2339,kRap,kRAp,\kʁap\
2340,kRas,kRAs,\kʁas\
2341,kRat,kRAt,\kʁat\
2342,kRawn,kRAwn,\kʁawn\
2343,kRaz,kRAz,\kʁaz\
2344,kRe,kRe,\kʁe\
2345,kRi,kRI,\kʁi\
2346,kRiR,kRIR,\kʁiʁ\
2347,kRib,kRIb,\kʁib\
2348,kRibl,kRIbl,\kʁibl\
2349,kRif,kRIf,\kʁif\
2350,kRik,kRIk,\kʁik\
2351,kRil,kRIl,\kʁil\
2352,kRim,kRIm,\kʁim\
2353,kRin,kRIn,\kʁin\
2354,kRipt,kRIpt,\kʁipt\
2355,kRis,kRIs,\kʁis\
2356,kRisp,kRIsp,\kʁisp\
2357,kRist,kRIst,\kʁist\
2358,kRit,kRIt,\kʁit\
2359,kRiv,kRIv,\kʁiv\
2360,kRiz,kRIz,\kʁiz\
2361,kRo,kRo,\kʁo\
2362,kRol,kRol,\kʁol\
2363,kRom,kRom,\kʁom\
2364,kRon,kRon,\kʁon\
2365,kRoz,kRoz,\kʁoz\
2366,kRu,kROu,\kʁu\
2367,kRuj,kROuy,\kʁuj\
2368,kRul,kROul,\kʁul\
2369,kRup,kROup,\kʁup\
2370,kRut,kROut,\kʁut\
2371,kRwa,kRwA,\kʁwa\
2372,kRwaR,kRwAR,\kʁwaʁ\
2373,kRwas,kRwAs,\kʁwas\
2374,kRwatR,kRwAtR,\kʁwatʁ\
2375,kRwaz,kRwAz,\kʁwaz\
2376,kRy,kRU,\kʁy\
2377,kRyR,kRUR,\kʁyʁ\
2378,kRyS,kRUch,\kʁyʃ\
2379,kRym,kRUm,\kʁym\
2380,kRys,kRUs,\kʁys\
2381,kRyst,kRUst,\kʁyst\
2382,kRyt,kRUt,\kʁyt\
2383,kR§,kRon,\kʁɔ̃\
2384,kSEjk,kcheyk,\kʃɛjk\
2385,kSiR,kchIR,\kʃiʁ\
2386,ka,kA,\ka\
2387,kaN,kAgn,\kaɲ\
2388,kaR,kAR,\kaʁ\
2389,kaRd,kARd,\kaʁd\
2390,kaRg,kARg,\kaʁg\
2391,kaRm,kARm,\kaʁm\
2392,kaRn,kARn,\kaʁn\
2393,kaRp,kARp,\kaʁp\
2394,kaRt,kARt,\kaʁt\
2395,kaS,kAch,\kaʃ\
2396,kaZ,kAge,\kaʒ\
2397,kab,kAb,\kab\
2398,kabR,kAbR,\kabʁ\
2399,kabl,kAbl,\kabl\
2400,kad,kAd,\kad\
2401,kadR,kAdR,\kadʁ\
2402,kaf,kAf,\kaf\
2403,kafR,kAfR,\kafʁ\
2404,kaft,kAft,\kaft\
2405,kag,kAg,\kag\
2406,kaj,kAy,\kaj\
2407,kak,kAk,\kak\
2408,kal,kAl,\kal\
2409,kald,kAld,\kald\
2410,kalf,kAlf,\kalf\
2411,kalk,kAlk,\kalk\
2412,kalm,kAlm,\kalm\
2413,kals,kAls,\kals\
2414,kalt,kAlt,\kalt\
2415,kam,kAm,\kam\
2416,kan,kAn,\kan\
2417,kap,kAp,\kap\
2418,kapR,kApR,\kapʁ\
2419,kapt,kApt,\kapt\
2420,kas,kAs,\kas\
2421,kask,kAsk,\kask\
2422,kasm,kAsm,\kasm\
2423,kast,kAst,\kast\
2424,kastR,kAstR,\kastʁ\
2425,kat,kAt,\kat\
2426,katR,kAtR,\katʁ\
2427,katS,kAtch,\katʃ\
2428,kav,kAv,\kav\
2429,kawt,kAwt,\kawt\
2430,kaz,kAz,\kaz\
2431,kbaR,kbAR,\kbaʁ\
2432,kbut,kbOut,\kbut\
2433,ke,ke,\ke\
2434,ki,kI,\ki\
2435,kiG,kIng,\kiŋ\
2436,kiR,kIR,\kiʁ\
2437,kiRS,kIRch,\kiʁʃ\
2438,kiS,kIch,\kiʃ\
2439,kid,kId,\kid\
2440,kif,kIf,\kif\
2441,kij,kIy,\kij\
2442,kik,kIk,\kik\
2443,kil,kIl,\kil\
2444,kilt,kIlt,\kilt\
2445,kin,kIn,\kin\
2446,kip,kIp,\kip\
2447,kis,kIs,\kis\
2448,kist,kIst,\kist\
2449,kit,kIt,\kit\
2450,kitS,kItch,\kitʃ\
2451,kiv,kIv,\kiv\
2452,kiz,kIz,\kiz\
2453,kizm,kIzm,\kizm\
2454,kj2,kyeu,\kjø\
2455,kj2z,kyeuz,\kjøz\
2456,kj5,kyin,\kjɛ̃\
2457,kjE,kye,\kjɛ\
2458,kjER,kyeR,\kjɛʁ\
2459,kjEf,kyef,\kjɛf\
2460,kjEm,kyem,\kjɛm\
2461,kjEn,kyen,\kjɛn\
2462,kjEs,kyes,\kjɛs\
2463,kjEt,kyet,\kjɛt\
2464,kjOsk,kyOsk,\kjɔsk\
2465,kjal,kyAl,\kjal\
2466,kjam,kyAm,\kjam\
2467,kjasm,kyAsm,\kjasm\
2468,kjatR,kyAtR,\kjatʁ\
2469,kje,kye,\kje\
2470,kju,kyOu,\kju\
2471,kj§,kyon,\kjɔ̃\
2472,kl1,klun,\klœ̃\
2473,kl2,kleu,\klø\
2474,kl2z,kleuz,\kløz\
2475,kl5,klin,\klɛ̃\
2476,kl5S,klinch,\klɛ̃ʃ\
2477,kl9R,kleuR,\klœʁ\
2478,kl9b,kleub,\klœb\
2479,kl@,klan,\klã\
2480,kl@S,klanch,\klãʃ\
2481,kl@dR,klandR,\klãdʁ\
2482,kl@p,klanp,\klãp\
2483,kl@t,klant,\klãt\
2484,klE,kle,\klɛ\
2485,klER,kleR,\klɛʁ\
2486,klEm,klem,\klɛm\
2487,klEps,kleps,\klɛps\
2488,klEt,klet,\klɛt\
2489,klOR,klOR,\klɔʁ\
2490,klOS,klOch,\klɔʃ\
2491,klOk,klOk,\klɔk\
2492,klOp,klOp,\klɔp\
2493,kla,klA,\kla\
2494,klaR,klAR,\klaʁ\
2495,klaRd,klARd,\klaʁd\
2496,klaS,klAch,\klaʃ\
2497,klaZ,klAge,\klaʒ\
2498,klabl,klAbl,\klabl\
2499,klaf,klAf,\klaf\
2500,klak,klAk,\klak\
2501,klam,klAm,\klam\
2502,klams,klAms,\klams\
2503,klap,klAp,\klap\
2504,klas,klAs,\klas\
2505,klast,klAst,\klast\
2506,klat,klAt,\klat\
2507,klatR,klAtR,\klatʁ\
2508,klav,klAv,\klav\
2509,klaz,klAz,\klaz\
2510,kle,kle,\kle\
2511,kliN,klIgn,\kliɲ\
2512,klik,klIk,\klik\
2513,klil,klIl,\klil\
2514,klin,klIn,\klin\
2515,klip,klIp,\klip\
2516,klips,klIps,\klips\
2517,klis,klIs,\klis\
2518,klism,klIsm,\klism\
2519,klist,klIst,\klist\
2520,klit,klIt,\klit\
2521,kliv,klIv,\kliv\
2522,klizm,klIzm,\klizm\
2523,klo,klo,\klo\
2524,klod,klod,\klod\
2525,klon,klon,\klon\
2526,kloz,kloz,\kloz\
2527,klu,klOu,\klu\
2528,klun,klOun,\klun\
2529,klwaR,klwAR,\klwaʁ\
2530,klwatR,klwAtR,\klwatʁ\
2531,kly,klU,\kly\
2532,klyR,klUR,\klyʁ\
2533,klyb,klUb,\klyb\
2534,klym,klUm,\klym\
2535,klyz,klUz,\klyz\
2536,kl§,klon,\klɔ̃\
2537,kmER,kmeR,\kmɛʁ\
2538,kmEn,kmen,\kmɛn\
2539,kmEtR,kmetR,\kmɛtʁ\
2540,kman,kmAn,\kman\
2541,knOR,knOR,\knɔʁ\
2542,knut,knOut,\knut\
2543,ko,ko,\ko\
2544,koR,koR,\koʁ\
2545,kod,kod,\kod\
2546,kok,kok,\kok\
2547,kol,kol,\kol\
2548,kold,kold,\kold\
2549,kom,kom,\kom\
2550,kon,kon,\kon\
2551,kos,kos,\kos\
2552,kost,kost,\kost\
2553,kot,kot,\kot\
2554,kotS,kotch,\kotʃ\
2555,kov,kov,\kov\
2556,koz,koz,\koz\
2557,ksaR,ksAR,\ksaʁ\
2558,ksist,ksIst,\ksist\
2559,ksizm,ksIzm,\ksizm\
2560,ktik,ktIk,\ktik\
2561,ktuRb,ktOuRb,\ktuʁb\
2562,ktys,ktUs,\ktys\
2563,ku,kOu,\ku\
2564,kuR,kOuR,\kuʁ\
2565,kuRZ,kOuRge,\kuʁʒ\
2566,kuRb,kOuRb,\kuʁb\
2567,kuRs,kOuRs,\kuʁs\
2568,kuRt,kOuRt,\kuʁt\
2569,kuS,kOuch,\kuʃ\
2570,kud,kOud,\kud\
2571,kudR,kOudR,\kudʁ\
2572,kuj,kOuy,\kuj\
2573,kuk,kOuk,\kuk\
2574,kul,kOul,\kul\
2575,kulp,kOulp,\kulp\
2576,kum,kOum,\kum\
2577,kun,kOun,\kun\
2578,kunt,kOunt,\kunt\
2579,kup,kOup,\kup\
2580,kupl,kOupl,\kupl\
2581,kus,kOus,\kus\
2582,kut,kOut,\kut\
2583,kutR,kOutR,\kutʁ\
2584,kuv,kOuv,\kuv\
2585,kuvR,kOuvR,\kuvʁ\
2586,kuz,kOuz,\kuz\
2587,kvas,kvAs,\kvas\
2588,kw5,kwin,\kwɛ̃\
2589,kw5s,kwins,\kwɛ̃s\
2590,kw9R,kweuR,\kwœʁ\
2591,kw@,kwan,\kwã\
2592,kwE,kwe,\kwɛ\
2593,kwER,kweR,\kwɛʁ\
2594,kwEt,kwet,\kwɛt\
2595,kwEtS,kwetch,\kwɛtʃ\
2596,kwOR,kwOR,\kwɔʁ\
2597,kwOk,kwOk,\kwɔk\
2598,kwa,kwA,\kwa\
2599,kwaR,kwAR,\kwaʁ\
2600,kwaRd,kwARd,\kwaʁd\
2601,kwaRk,kwARk,\kwaʁk\
2602,kwaRts,kwARts,\kwaʁts\
2603,kwad,kwAd,\kwad\
2604,kwaf,kwAf,\kwaf\
2605,kwaj,kwAy,\kwaj\
2606,kwak,kwAk,\kwak\
2607,kwam,kwAm,\kwam\
2608,kwan,kwAn,\kwan\
2609,kwas,kwAs,\kwas\
2610,kwat,kwAt,\kwat\
2611,kwaz,kwAz,\kwaz\
2612,kwe,kwe,\kwe\
2613,kwik,kwIk,\kwik\
2614,kwin,kwIn,\kwin\
2615,kwo,kwo,\kwo\
2616,kw§,kwon,\kwɔ̃\
2617,ky,kU,\ky\
2618,kyR,kUR,\kyʁ\
2619,kyRd,kURd,\kyʁd\
2620,kyRv,kURv,\kyʁv\
2621,kyb,kUb,\kyb\
2622,kybR,kUbR,\kybʁ\
2623,kyl,kUl,\kyl\
2624,kylk,kUlk,\kylk\
2625,kylp,kUlp,\kylp\
2626,kylt,kUlt,\kylt\
2627,kym,kUm,\kym\
2628,kyn,kUn,\kyn\
2629,kyp,kUp,\kyp\
2630,kypl,kUpl,\kypl\
2631,kys,kUs,\kys\
2632,kyst,kUst,\kyst\
2633,kystR,kUstR,\kystʁ\
2634,kyt,kUt,\kyt\
2635,kyv,kUv,\kyv\
2636,kyz,kUz,\kyz\
2637,kzaR,kzAR,\kzaʁ\
2638,k§,kon,\kɔ̃\
2639,k§b,konb,\kɔ̃b\
2640,k§bR,konbR,\kɔ̃bʁ\
2641,k§bl,konbl,\kɔ̃bl\
2642,k§d,kond,\kɔ̃d\
2643,k§dR,kondR,\kɔ̃dʁ\
2644,k§g,kong,\kɔ̃g\
2645,k§gR,kongR,\kɔ̃gʁ\
2646,k§k,konk,\kɔ̃k\
2647,k§s,kons,\kɔ̃s\
2648,k§t,kont,\kɔ̃t\
2649,k§tR,kontR,\kɔ̃tʁ\
2650,k°,k,\k\
2651,k°R,kR,\kʁ\
2652,l,l,\l\
2653,l1,lun,\lœ̃\
2654,l1p,lunp,\lœ̃p\
2655,l2,leu,\lø\
2656,l2z,leuz,\løz\
2657,l5,lin,\lɛ̃\
2658,l5S,linch,\lɛ̃ʃ\
2659,l5Z,linge,\lɛ̃ʒ\
2660,l5b,linb,\lɛ̃b\
2661,l5dR,lindR,\lɛ̃dʁ\
2662,l5f,linf,\lɛ̃f\
2663,l5g,ling,\lɛ̃g\
2664,l5gR,lingR,\lɛ̃gʁ\
2665,l5ks,links,\lɛ̃ks\
2666,l5p,linp,\lɛ̃p\
2667,l89R,luieuR,\lɥœʁ\
2668,l8@,luian,\lɥã\
2669,l8@t,luiant,\lɥãt\
2670,l8E,luie,\lɥɛ\
2671,l8ER,luieR,\lɥɛʁ\
2672,l8En,luien,\lɥɛn\
2673,l8Et,luiet,\lɥɛt\
2674,l8a,luiA,\lɥa\
2675,l8abl,luiAbl,\lɥabl\
2676,l8am,luiAm,\lɥam\
2677,l8e,luie,\lɥe\
2678,l8i,luiI,\lɥi\
2679,l8iR,luiIR,\lɥiʁ\
2680,l8iz,luiIz,\lɥiz\
2681,l8§,luion,\lɥɔ̃\
2682,l9R,leuR,\lœʁ\
2683,l9j,leuy,\lœj\
2684,l9ntS,leuntch,\lœntʃ\
2685,l9vR,leuvR,\lœvʁ\
2686,l@,lan,\lã\
2687,l@S,lanch,\lãʃ\
2688,l@Z,lange,\lãʒ\
2689,l@d,land,\lãd\
2690,l@dR,landR,\lãdʁ\
2691,l@g,lang,\lãg\
2692,l@k,lank,\lãk\
2693,l@p,lanp,\lãp\
2694,l@s,lans,\lãs\
2695,l@t,lant,\lãt\
2696,lE,le,\lɛ\
2697,lER,leR,\lɛʁ\
2698,lERS,leRch,\lɛʁʃ\
2699,lERb,leRb,\lɛʁb\
2700,lERn,leRn,\lɛʁn\
2701,lERs,leRs,\lɛʁs\
2702,lERt,leRt,\lɛʁt\
2703,lES,lech,\lɛʃ\
2704,lEZ,lege,\lɛʒ\
2705,lEbR,lebR,\lɛbʁ\
2706,lEd,led,\lɛd\
2707,lEf,lef,\lɛf\
2708,lEg,leg,\lɛg\
2709,lEgR,legR,\lɛgʁ\
2710,lEj,ley,\lɛj\
2711,lEk,lek,\lɛk\
2712,lEks,leks,\lɛks\
2713,lEkt,lekt,\lɛkt\
2714,lEl,lel,\lɛl\
2715,lEm,lem,\lɛm\
2716,lEn,len,\lɛn\
2717,lEndZ,lendge,\lɛndʒ\
2718,lEp,lep,\lɛp\
2719,lEpR,lepR,\lɛpʁ\
2720,lEps,leps,\lɛps\
2721,lEs,les,\lɛs\
2722,lEsk,lesk,\lɛsk\
2723,lEst,lest,\lɛst\
2724,lEstR,lestR,\lɛstʁ\
2725,lEt,let,\lɛt\
2726,lEtR,letR,\lɛtʁ\
2727,lEv,lev,\lɛv\
2728,lEvR,levR,\lɛvʁ\
2729,lEz,lez,\lɛz\
2730,lON,lOgn,\lɔɲ\
2731,lOR,lOR,\lɔʁ\
2732,lORN,lORgn,\lɔʁɲ\
2733,lORd,lORd,\lɔʁd\
2734,lORdz,lORdz,\lɔʁdz\
2735,lORsk,lORsk,\lɔʁsk\
2736,lOS,lOch,\lɔʃ\
2737,lOZ,lOge,\lɔʒ\
2738,lOb,lOb,\lɔb\
2739,lOf,lOf,\lɔf\
2740,lOft,lOft,\lɔft\
2741,lOg,lOg,\lɔg\
2742,lOj,lOy,\lɔj\
2743,lOjd,lOyd,\lɔjd\
2744,lOjl,lOyl,\lɔjl\
2745,lOk,lOk,\lɔk\
2746,lOm,lOm,\lɔm\
2747,lOn,lOn,\lɔn\
2748,lOp,lOp,\lɔp\
2749,lOps,lOps,\lɔps\
2750,lOs,lOs,\lɔs\
2751,lOt,lOt,\lɔt\
2752,lOtl,lOtl,\lɔtl\
2753,lOv,lOv,\lɔv\
2754,la,lA,\la\
2755,laR,lAR,\laʁ\
2756,laRZ,lARge,\laʁʒ\
2757,laRd,lARd,\laʁd\
2758,laRg,lARg,\laʁg\
2759,laRm,lARm,\laʁm\
2760,laRv,lARv,\laʁv\
2761,laS,lAch,\laʃ\
2762,laZ,lAge,\laʒ\
2763,lab,lAb,\lab\
2764,labR,lAbR,\labʁ\
2765,labl,lAbl,\labl\
2766,lad,lAd,\lad\
2767,ladR,lAdR,\ladʁ\
2768,laf,lAf,\laf\
2769,lafR,lAfR,\lafʁ\
2770,lag,lAg,\lag\
2771,lagR,lAgR,\lagʁ\
2772,laj,lAy,\laj\
2773,lajf,lAyf,\lajf\
2774,lajn,lAyn,\lajn\
2775,lajt,lAyt,\lajt\
2776,lak,lAk,\lak\
2777,lakR,lAkR,\lakʁ\
2778,laks,lAks,\laks\
2779,lal,lAl,\lal\
2780,lam,lAm,\lam\
2781,lan,lAn,\lan\
2782,lap,lAp,\lap\
2783,laps,lAps,\laps\
2784,las,lAs,\las\
2785,last,lAst,\last\
2786,lastR,lAstR,\lastʁ\
2787,lat,lAt,\lat\
2788,latR,lAtR,\latʁ\
2789,latS,lAtch,\latʃ\
2790,lats,lAts,\lats\
2791,lav,lAv,\lav\
2792,laz,lAz,\laz\
2793,ldkat,ldkAt,\ldkat\
2794,le,le,\le\
2795,lej,ley,\lej\
2796,lfR5d,lfRind,\lfʁɛ̃d\
2797,li,lI,\li\
2798,liG,lIng,\liŋ\
2799,liN,lIgn,\liɲ\
2800,liR,lIR,\liʁ\
2801,liS,lIch,\liʃ\
2802,liZ,lIge,\liʒ\
2803,libR,lIbR,\libʁ\
2804,lid,lId,\lid\
2805,lif,lIf,\lif\
2806,lift,lIft,\lift\
2807,lig,lIg,\lig\
2808,lij,lIy,\lij\
2809,lik,lIk,\lik\
2810,liks,lIks,\liks\
2811,lim,lIm,\lim\
2812,lin,lIn,\lin\
2813,lip,lIp,\lip\
2814,lips,lIps,\lips\
2815,lis,lIs,\lis\
2816,lisk,lIsk,\lisk\
2817,lism,lIsm,\lism\
2818,list,lIst,\list\
2819,lit,lIt,\lit\
2820,litR,lItR,\litʁ\
2821,liv,lIv,\liv\
2822,livR,lIvR,\livʁ\
2823,liz,lIz,\liz\
2824,lizm,lIzm,\lizm\
2825,lj2,lyeu,\ljø\
2826,lj2z,lyeuz,\ljøz\
2827,lj5,lyin,\ljɛ̃\
2828,lj9R,lyeuR,\ljœʁ\
2829,lj@,lyan,\ljã\
2830,lj@dR,lyandR,\ljãdʁ\
2831,lj@s,lyans,\ljãs\
2832,lj@t,lyant,\ljãt\
2833,ljE,lye,\ljɛ\
2834,ljER,lyeR,\ljɛʁ\
2835,ljEZ,lyege,\ljɛʒ\
2836,ljEdR,lyedR,\ljɛdʁ\
2837,ljEf,lyef,\ljɛf\
2838,ljEm,lyem,\ljɛm\
2839,ljEn,lyen,\ljɛn\
2840,ljEs,lyes,\ljɛs\
2841,ljEt,lyet,\ljɛt\
2842,ljEvR,lyevR,\ljɛvʁ\
2843,ljOR,lyOR,\ljɔʁ\
2844,ljOk,lyOk,\ljɔk\
2845,ljOl,lyOl,\ljɔl\
2846,ljOm,lyOm,\ljɔm\
2847,ljOn,lyOn,\ljɔn\
2848,ljOt,lyOt,\ljɔt\
2849,lja,lyA,\lja\
2850,ljaR,lyAR,\ljaʁ\
2851,ljaZ,lyAge,\ljaʒ\
2852,ljabl,lyAbl,\ljabl\
2853,ljak,lyAk,\ljak\
2854,ljal,lyAl,\ljal\
2855,ljam,lyAm,\ljam\
2856,ljams,lyAms,\ljams\
2857,ljan,lyAn,\ljan\
2858,ljas,lyAs,\ljas\
2859,ljast,lyAst,\ljast\
2860,lje,lye,\lje\
2861,ljo,lyo,\ljo\
2862,ljoz,lyoz,\ljoz\
2863,ljyR,lyUR,\ljyʁ\
2864,lj§,lyon,\ljɔ̃\
2865,lkOwtS,lkOwtch,\lkɔwtʃ\
2866,lo,lo,\lo\
2867,lod,lod,\lod\
2868,lok,lok,\lok\
2869,lom,lom,\lom\
2870,lon,lon,\lon\
2871,los,los,\los\
2872,loz,loz,\loz\
2873,lskut,lskOut,\lskut\
2874,lu,lOu,\lu\
2875,luR,lOuR,\luʁ\
2876,luRd,lOuRd,\luʁd\
2877,luS,lOuch,\luʃ\
2878,luf,lOuf,\luf\
2879,luk,lOuk,\luk\
2880,luks,lOuks,\luks\
2881,lun,lOun,\lun\
2882,lup,lOup,\lup\
2883,lut,lOut,\lut\
2884,lutR,lOutR,\lutʁ\
2885,luv,lOuv,\luv\
2886,luz,lOuz,\luz\
2887,lw2z,lweuz,\lwøz\
2888,lw5,lwin,\lwɛ̃\
2889,lw9R,lweuR,\lwœʁ\
2890,lw@,lwan,\lwã\
2891,lw@Z,lwange,\lwãʒ\
2892,lwE,lwe,\lwɛ\
2893,lwER,lweR,\lwɛʁ\
2894,lwEst,lwest,\lwɛst\
2895,lwEt,lwet,\lwɛt\
2896,lwa,lwA,\lwa\
2897,lwaN,lwAgn,\lwaɲ\
2898,lwaR,lwAR,\lwaʁ\
2899,lwaZ,lwAge,\lwaʒ\
2900,lwabl,lwAbl,\lwabl\
2901,lwam,lwAm,\lwam\
2902,lwatR,lwAtR,\lwatʁ\
2903,lwaz,lwAz,\lwaz\
2904,lwe,lwe,\lwe\
2905,lwi,lwI,\lwi\
2906,lwin,lwIn,\lwin\
2907,lwiz,lwIz,\lwiz\
2908,lw§,lwon,\lwɔ̃\
2909,ly,lU,\ly\
2910,lyR,lUR,\lyʁ\
2911,lyS,lUch,\lyʃ\
2912,lyZ,lUge,\lyʒ\
2913,lybR,lUbR,\lybʁ\
2914,lybl,lUbl,\lybl\
2915,lyd,lUd,\lyd\
2916,lyk,lUk,\lyk\
2917,lykR,lUkR,\lykʁ\
2918,lyks,lUks,\lyks\
2919,lyl,lUl,\lyl\
2920,lym,lUm,\lym\
2921,lyn,lUn,\lyn\
2922,lys,lUs,\lys\
2923,lysk,lUsk,\lysk\
2924,lystR,lUstR,\lystʁ\
2925,lyt,lUt,\lyt\
2926,lyts,lUts,\lyts\
2927,lyz,lUz,\lyz\
2928,l§,lon,\lɔ̃\
2929,l§Z,longe,\lɔ̃ʒ\
2930,l§b,lonb,\lɔ̃b\
2931,l§g,long,\lɔ̃g\
2932,l§p,lonp,\lɔ̃p\
2933,l°,l,\l\
2934,m,m,\m\
2935,m1,mun,\mœ̃\
2936,m2,meu,\mø\
2937,m2gl,meugl,\møgl\
2938,m2l,meul,\møl\
2939,m2t,meut,\møt\
2940,m2z,meuz,\møz\
2941,m5,min,\mɛ̃\
2942,m5s,mins,\mɛ̃s\
2943,m5t,mint,\mɛ̃t\
2944,m89R,muieuR,\mɥœʁ\
2945,m8@,muian,\mɥã\
2946,m8@t,muiant,\mɥãt\
2947,m8E,muie,\mɥɛ\
2948,m8ER,muieR,\mɥɛʁ\
2949,m8Et,muiet,\mɥɛt\
2950,m8a,muiA,\mɥa\
2951,m8abl,muiAbl,\mɥabl\
2952,m8am,muiAm,\mɥam\
2953,m8e,muie,\mɥe\
2954,m8i,muiI,\mɥi\
2955,m8§,muion,\mɥɔ̃\
2956,m9R,meuR,\mœʁ\
2957,m9Rs,meuRs,\mœʁs\
2958,m9RtR,meuRtR,\mœʁtʁ\
2959,m9bl,meubl,\mœbl\
2960,m9f,meuf,\mœf\
2961,m9st,meust,\mœst\
2962,m9tS,meutch,\mœtʃ\
2963,m9v,meuv,\mœv\
2964,m@,man,\mã\
2965,m@S,manch,\mãʃ\
2966,m@Z,mange,\mãʒ\
2967,m@bR,manbR,\mãbʁ\
2968,m@d,mand,\mãd\
2969,m@dR,mandR,\mãdʁ\
2970,m@g,mang,\mãg\
2971,m@k,mank,\mãk\
2972,m@s,mans,\mãs\
2973,m@t,mant,\mãt\
2974,mE,me,\mɛ\
2975,mER,meR,\mɛʁ\
2976,mERZ,meRge,\mɛʁʒ\
2977,mERd,meRd,\mɛʁd\
2978,mERdR,meRdR,\mɛʁdʁ\
2979,mERl,meRl,\mɛʁl\
2980,mERs,meRs,\mɛʁs\
2981,mES,mech,\mɛʃ\
2982,mEd,med,\mɛd\
2983,mEgR,megR,\mɛgʁ\
2984,mEj,mey,\mɛj\
2985,mEjd,meyd,\mɛjd\
2986,mEjl,meyl,\mɛjl\
2987,mEk,mek,\mɛk\
2988,mEkt,mekt,\mɛkt\
2989,mEl,mel,\mɛl\
2990,mEm,mem,\mɛm\
2991,mEn,men,\mɛn\
2992,mEns,mens,\mɛns\
2993,mEnt,ment,\mɛnt\
2994,mEs,mes,\mɛs\
2995,mEsk,mesk,\mɛsk\
2996,mEst,mest,\mɛst\
2997,mEstR,mestR,\mɛstʁ\
2998,mEt,met,\mɛt\
2999,mEtR,metR,\mɛtʁ\
3000,mEz,mez,\mɛz\
3001,mOR,mOR,\mɔʁ\
3002,mORd,mORd,\mɔʁd\
3003,mORdR,mORdR,\mɔʁdʁ\
3004,mORf,mORf,\mɔʁf\
3005,mORfl,mORfl,\mɔʁfl\
3006,mORg,mORg,\mɔʁg\
3007,mORk,mORk,\mɔʁk\
3008,mORn,mORn,\mɔʁn\
3009,mORs,mORs,\mɔʁs\
3010,mORt,mORt,\mɔʁt\
3011,mORv,mORv,\mɔʁv\
3012,mOS,mOch,\mɔʃ\
3013,mOZ,mOge,\mɔʒ\
3014,mOb,mOb,\mɔb\
3015,mOd,mOd,\mɔd\
3016,mOj,mOy,\mɔj\
3017,mOk,mOk,\mɔk\
3018,mOl,mOl,\mɔl\
3019,mOm,mOm,\mɔm\
3020,mOn,mOn,\mɔn\
3021,mOps,mOps,\mɔps\
3022,mOs,mOs,\mɔs\
3023,mOt,mOt,\mɔt\
3024,ma,mA,\ma\
3025,maN,mAgn,\maɲ\
3026,maR,mAR,\maʁ\
3027,maRS,mARch,\maʁʃ\
3028,maRZ,mARge,\maʁʒ\
3029,maRbR,mARbR,\maʁbʁ\
3030,maRd,mARd,\maʁd\
3031,maRk,mARk,\maʁk\
3032,maRl,mARl,\maʁl\
3033,maRn,mARn,\maʁn\
3034,maRs,mARs,\maʁs\
3035,maRtR,mARtR,\maʁtʁ\
3036,maS,mAch,\maʃ\
3037,maZ,mAge,\maʒ\
3038,mabl,mAbl,\mabl\
3039,mad,mAd,\mad\
3040,madR,mAdR,\madʁ\
3041,maj,mAy,\maj\
3042,majl,mAyl,\majl\
3043,majls,mAyls,\majls\
3044,mak,mAk,\mak\
3045,makR,mAkR,\makʁ\
3046,maks,mAks,\maks\
3047,mal,mAl,\mal\
3048,malm,mAlm,\malm\
3049,malt,mAlt,\malt\
3050,mam,mAm,\mam\
3051,man,mAn,\man\
3052,mand,mAnd,\mand\
3053,mas,mAs,\mas\
3054,mask,mAsk,\mask\
3055,mat,mAt,\mat\
3056,matR,mAtR,\matʁ\
3057,matS,mAtch,\matʃ\
3058,maz,mAz,\maz\
3059,me,me,\me\
3060,mi,mI,\mi\
3061,miG,mIng,\miŋ\
3062,miR,mIR,\miʁ\
3063,miRt,mIRt,\miʁt\
3064,miS,mIch,\miʃ\
3065,miZ,mIge,\miʒ\
3066,mib,mIb,\mib\
3067,mid,mId,\mid\
3068,migR,mIgR,\migʁ\
3069,mij,mIy,\mij\
3070,mik,mIk,\mik\
3071,miks,mIks,\miks\
3072,mikst,mIkst,\mikst\
3073,mil,mIl,\mil\
3074,mim,mIm,\mim\
3075,min,mIn,\min\
3076,mint,mInt,\mint\
3077,mis,mIs,\mis\
3078,mism,mIsm,\mism\
3079,mist,mIst,\mist\
3080,mistR,mIstR,\mistʁ\
3081,mit,mIt,\mit\
3082,mitR,mItR,\mitʁ\
3083,miz,mIz,\miz\
3084,mizm,mIzm,\mizm\
3085,mj2,myeu,\mjø\
3086,mj5,myin,\mjɛ̃\
3087,mj@t,myant,\mjãt\
3088,mjE,mye,\mjɛ\
3089,mjER,myeR,\mjɛʁ\
3090,mjEdR,myedR,\mjɛdʁ\
3091,mjEl,myel,\mjɛl\
3092,mjEn,myen,\mjɛn\
3093,mjEsk,myesk,\mjɛsk\
3094,mjEt,myet,\mjɛt\
3095,mjEvR,myevR,\mjɛvʁ\
3096,mjOS,myOch,\mjɔʃ\
3097,mjOm,myOm,\mjɔm\
3098,mjOp,myOp,\mjɔp\
3099,mja,myA,\mja\
3100,mjabl,myAbl,\mjabl\
3101,mjad,myAd,\mjad\
3102,mjal,myAl,\mjal\
3103,mjam,myAm,\mjam\
3104,mjasm,myAsm,\mjasm\
3105,mjaz,myAz,\mjaz\
3106,mje,mye,\mje\
3107,mjol,myol,\mjol\
3108,mjos,myos,\mjos\
3109,mjyRZ,myURge,\mjyʁʒ\
3110,mj§,myon,\mjɔ̃\
3111,mlivR,mlIvR,\mlivʁ\
3112,mo,mo,\mo\
3113,moR,moR,\moʁ\
3114,mod,mod,\mod\
3115,mol,mol,\mol\
3116,mom,mom,\mom\
3117,mon,mon,\mon\
3118,mos,mos,\mos\
3119,mov,mov,\mov\
3120,moz,moz,\moz\
3121,mu,mOu,\mu\
3122,muR,mOuR,\muʁ\
3123,muS,mOuch,\muʃ\
3124,mudR,mOudR,\mudʁ\
3125,mufl,mOufl,\mufl\
3126,muft,mOuft,\muft\
3127,muj,mOuy,\muj\
3128,muk,mOuk,\muk\
3129,mul,mOul,\mul\
3130,mult,mOult,\mult\
3131,mun,mOun,\mun\
3132,mund,mOund,\mund\
3133,mus,mOus,\mus\
3134,mut,mOut,\mut\
3135,muz,mOuz,\muz\
3136,mw5,mwin,\mwɛ̃\
3137,mw5dR,mwindR,\mwɛ̃dʁ\
3138,mwE,mwe,\mwɛ\
3139,mwEt,mwet,\mwɛt\
3140,mwa,mwA,\mwa\
3141,mwaN,mwAgn,\mwaɲ\
3142,mwaR,mwAR,\mwaʁ\
3143,mwal,mwAl,\mwal\
3144,mwan,mwAn,\mwan\
3145,mwat,mwAt,\mwat\
3146,mwaz,mwAz,\mwaz\
3147,mwiz,mwIz,\mwiz\
3148,my,mU,\my\
3149,myR,mUR,\myʁ\
3150,myRZ,mURge,\myʁʒ\
3151,myS,mUch,\myʃ\
3152,myZ,mUge,\myʒ\
3153,myfl,mUfl,\myfl\
3154,mygl,mUgl,\mygl\
3155,myl,mUl,\myl\
3156,mylt,mUlt,\mylt\
3157,myn,mUn,\myn\
3158,mys,mUs,\mys\
3159,mysk,mUsk,\mysk\
3160,myskl,mUskl,\myskl\
3161,myt,mUt,\myt\
3162,myz,mUz,\myz\
3163,m§,mon,\mɔ̃\
3164,m§d,mond,\mɔ̃d\
3165,m§s,mons,\mɔ̃s\
3166,m§stR,monstR,\mɔ̃stʁ\
3167,m§t,mont,\mɔ̃t\
3168,m§tR,montR,\mɔ̃tʁ\
3169,m°,m,\m\
3170,n,n,\n\
3171,n2,neu,\nø\
3172,n2st,neust,\nøst\
3173,n2tR,neutR,\nøtʁ\
3174,n2z,neuz,\nøz\
3175,n5,nin,\nɛ̃\
3176,n5Z,ninge,\nɛ̃ʒ\
3177,n5b,ninb,\nɛ̃b\
3178,n5f,ninf,\nɛ̃f\
3179,n82,nuieu,\nɥø\
3180,n82z,nuieuz,\nɥøz\
3181,n8@,nuian,\nɥã\
3182,n8@s,nuians,\nɥãs\
3183,n8@t,nuiant,\nɥãt\
3184,n8E,nuie,\nɥɛ\
3185,n8ER,nuieR,\nɥɛʁ\
3186,n8El,nuiel,\nɥɛl\
3187,n8Om,nuiOm,\nɥɔm\
3188,n8a,nuiA,\nɥa\
3189,n8aZ,nuiAge,\nɥaʒ\
3190,n8am,nuiAm,\nɥam\
3191,n8as,nuiAs,\nɥas\
3192,n8e,nuie,\nɥe\
3193,n8i,nuiI,\nɥi\
3194,n8iR,nuiIR,\nɥiʁ\
3195,n8in,nuiIn,\nɥin\
3196,n8it,nuiIt,\nɥit\
3197,n8iz,nuiIz,\nɥiz\
3198,n8§,nuion,\nɥɔ̃\
3199,n9R,neuR,\nœʁ\
3200,n9Rs,neuRs,\nœʁs\
3201,n9f,neuf,\nœf\
3202,n9p,neup,\nœp\
3203,n9ts,neuts,\nœts\
3204,n9v,neuv,\nœv\
3205,n9vR,neuvR,\nœvʁ\
3206,n@,nan,\nã\
3207,n@s,nans,\nãs\
3208,n@t,nant,\nãt\
3209,nE,ne,\nɛ\
3210,nER,neR,\nɛʁ\
3211,nERt,neRt,\nɛʁt\
3212,nERv,neRv,\nɛʁv\
3213,nEZ,nege,\nɛʒ\
3214,nEbR,nebR,\nɛbʁ\
3215,nEd,ned,\nɛd\
3216,nEf,nef,\nɛf\
3217,nEfl,nefl,\nɛfl\
3218,nEgR,negR,\nɛgʁ\
3219,nEj,ney,\nɛj\
3220,nEk,nek,\nɛk\
3221,nEks,neks,\nɛks\
3222,nEkt,nekt,\nɛkt\
3223,nEl,nel,\nɛl\
3224,nEm,nem,\nɛm\
3225,nEn,nen,\nɛn\
3226,nEp,nep,\nɛp\
3227,nEpt,nept,\nɛpt\
3228,nEs,nes,\nɛs\
3229,nEsk,nesk,\nɛsk\
3230,nEst,nest,\nɛst\
3231,nEstR,nestR,\nɛstʁ\
3232,nEt,net,\nɛt\
3233,nEtR,netR,\nɛtʁ\
3234,nEz,nez,\nɛz\
3235,nOR,nOR,\nɔʁ\
3236,nORm,nORm,\nɔʁm\
3237,nOS,nOch,\nɔʃ\
3238,nObl,nObl,\nɔbl\
3239,nOd,nOd,\nɔd\
3240,nOk,nOk,\nɔk\
3241,nOkl,nOkl,\nɔkl\
3242,nOks,nOks,\nɔks\
3243,nOl,nOl,\nɔl\
3244,nOm,nOm,\nɔm\
3245,nOn,nOn,\nɔn\
3246,nOp,nOp,\nɔp\
3247,nOpl,nOpl,\nɔpl\
3248,nOs,nOs,\nɔs\
3249,nOst,nOst,\nɔst\
3250,nOt,nOt,\nɔt\
3251,nOtR,nOtR,\nɔtʁ\
3252,nOv,nOv,\nɔv\
3253,na,nA,\na\
3254,naR,nAR,\naʁ\
3255,naRd,nARd,\naʁd\
3256,naRg,nARg,\naʁg\
3257,naRk,nARk,\naʁk\
3258,naS,nAch,\naʃ\
3259,naZ,nAge,\naʒ\
3260,nabR,nAbR,\nabʁ\
3261,nabl,nAbl,\nabl\
3262,nad,nAd,\nad\
3263,naft,nAft,\naft\
3264,nag,nAg,\nag\
3265,nagR,nAgR,\nagʁ\
3266,naj,nAy,\naj\
3267,najt,nAyt,\najt\
3268,nak,nAk,\nak\
3269,nakR,nAkR,\nakʁ\
3270,nakl,nAkl,\nakl\
3271,naks,nAks,\naks\
3272,nal,nAl,\nal\
3273,nam,nAm,\nam\
3274,,nAn,\nan\
3275,nap,nAp,\nap\
3276,naps,nAps,\naps\
3277,napt,nApt,\napt\
3278,nas,nAs,\nas\
3279,nasm,nAsm,\nasm\
3280,nast,nAst,\nast\
3281,nat,nAt,\nat\
3282,natR,nAtR,\natʁ\
3283,nav,nAv,\nav\
3284,navR,nAvR,\navʁ\
3285,naz,nAz,\naz\
3286,nbl5nd,nblinnd,\nblɛ̃nd\
3287,ne,ne,\ne\
3288,nej,ney,\nej\
3289,nflEks,nfleks,\nflɛks\
3290,ni,nI,\ni\
3291,niG,nIng,\niŋ\
3292,niN,nIgn,\niɲ\
3293,niR,nIR,\niʁ\
3294,niS,nIch,\niʃ\
3295,nib,nIb,\nib\
3296,nibl,nIbl,\nibl\
3297,nid,nId,\nid\
3298,nidR,nIdR,\nidʁ\
3299,nif,nIf,\nif\
3300,nifl,nIfl,\nifl\
3301,nig,nIg,\nig\
3302,nigR,nIgR,\nigʁ\
3303,nigm,nIgm,\nigm\
3304,nij,nIy,\nij\
3305,nik,nIk,\nik\
3306,nikl,nIkl,\nikl\
3307,niks,nIks,\niks\
3308,nil,nIl,\nil\
3309,nim,nIm,\nim\
3310,nin,nIn,\nin\
3311,nip,nIp,\nip\
3312,nips,nIps,\nips\
3313,nis,nIs,\nis\
3314,nisk,nIsk,\nisk\
3315,nism,nIsm,\nism\
3316,nist,nIst,\nist\
3317,nistR,nIstR,\nistʁ\
3318,nit,nIt,\nit\
3319,nitR,nItR,\nitʁ\
3320,niv,nIv,\niv\
3321,nivR,nIvR,\nivʁ\
3322,niz,nIz,\niz\
3323,nizm,nIzm,\nizm\
3324,nj2,nyeu,\njø\
3325,nj2z,nyeuz,\njøz\
3326,nj5,nyin,\njɛ̃\
3327,nj9R,nyeuR,\njœʁ\
3328,nj@,nyan,\njã\
3329,nj@t,nyant,\njãt\
3330,njE,nye,\njɛ\
3331,njER,nyeR,\njɛʁ\
3332,njEl,nyel,\njɛl\
3333,njEm,nyem,\njɛm\
3334,njEn,nyen,\njɛn\
3335,njEs,nyes,\njɛs\
3336,njEt,nyet,\njɛt\
3337,njEvR,nyevR,\njɛvʁ\
3338,njEz,nyez,\njɛz\
3339,njOR,nyOR,\njɔʁ\
3340,njOk,nyOk,\njɔk\
3341,njOm,nyOm,\njɔm\
3342,njOn,nyOn,\njɔn\
3343,njOt,nyOt,\njɔt\
3344,nja,nyA,\nja\
3345,njabl,nyAbl,\njabl\
3346,njak,nyAk,\njak\
3347,njal,nyAl,\njal\
3348,njan,nyAn,\njan\
3349,njas,nyAs,\njas\
3350,njat,nyAt,\njat\
3351,njatR,nyAtR,\njatʁ\
3352,nje,nye,\nje\
3353,njo,nyo,\njo\
3354,njom,nyom,\njom\
3355,njos,nyos,\njos\
3356,njoz,nyoz,\njoz\
3357,nju,nyOu,\nju\
3358,njul,nyOul,\njul\
3359,njuz,nyOuz,\njuz\
3360,njyR,nyUR,\njyʁ\
3361,njyl,nyUl,\njyl\
3362,nj§,nyon,\njɔ̃\
3363,no,no,\no\
3364,nod,nod,\nod\
3365,nom,nom,\nom\
3366,nos,nos,\nos\
3367,not,not,\not\
3368,notR,notR,\notʁ\
3369,noz,noz,\noz\
3370,nstil,nstIl,\nstil\
3371,ntR9st,ntReust,\ntʁœst\
3372,ntRi,ntRI,\ntʁi\
3373,ntiG,ntIng,\ntiŋ\
3374,nu,nOu,\nu\
3375,nuRs,nOuRs,\nuʁs\
3376,nuS,nOuch,\nuʃ\
3377,nuj,nOuy,\nuj\
3378,nuk,nOuk,\nuk\
3379,nunk,nOunk,\nunk\
3380,nus,nOus,\nus\
3381,nuz,nOuz,\nuz\
3382,nw2,nweu,\nwø\
3383,nw2z,nweuz,\nwøz\
3384,nw@,nwan,\nwã\
3385,nwE,nwe,\nwɛ\
3386,nwER,nweR,\nwɛʁ\
3387,nwa,nwA,\nwa\
3388,nwaR,nwAR,\nwaʁ\
3389,nwaZ,nwAge,\nwaʒ\
3390,nwan,nwAn,\nwan\
3391,nwat,nwAt,\nwat\
3392,nwaz,nwAz,\nwaz\
3393,nwe,nwe,\nwe\
3394,nwi,nwI,\nwi\
3395,nwiR,nwIR,\nwiʁ\
3396,nwis,nwIs,\nwis\
3397,nw§,nwon,\nwɔ̃\
3398,ny,nU,\ny\
3399,nyR,nUR,\nyʁ\
3400,nyRZ,nURge,\nyʁʒ\
3401,nyS,nUch,\nyʃ\
3402,nyd,nUd,\nyd\
3403,nyk,nUk,\nyk\
3404,nyl,nUl,\nyl\
3405,nym,nUm,\nym\
3406,nys,nUs,\nys\
3407,nyt,nUt,\nyt\
3408,nyz,nUz,\nyz\
3409,n§,non,\nɔ̃\
3410,n§bR,nonbR,\nɔ̃bʁ\
3411,n§d,nond,\nɔ̃d\
3412,n§s,nons,\nɔ̃s\
3413,n°,n,\n\
3414,o,o,\o\
3415,oZ,oge,\oʒ\
3416,ob,ob,\ob\
3417,ol,ol,\ol\
3418,om,om,\om\
3419,on,on,\on\
3420,os,os,\os\
3421,ot,ot,\ot\
3422,otR,otR,\otʁ\
3423,oz,oz,\oz\
3424,p1k,punk,\pœ̃k\
3425,p2,peu,\pø\
3426,p2R,peuR,\pøʁ\
3427,p2l,peul,\pøl\
3428,p2pl,peupl,\pøpl\
3429,p2t,peut,\pøt\
3430,p2z,peuz,\pøz\
3431,p5,pin,\pɛ̃\
3432,p5dR,pindR,\pɛ̃dʁ\
3433,p5gR,pingR,\pɛ̃gʁ\
3434,p5gl,pingl,\pɛ̃gl\
3435,p5s,pins,\pɛ̃s\
3436,p5t,pint,\pɛ̃t\
3437,p5tR,pintR,\pɛ̃tʁ\
3438,p8@,puian,\pɥã\
3439,p8@t,puiant,\pɥãt\
3440,p8E,puie,\pɥɛ\
3441,p8ER,puieR,\pɥɛʁ\
3442,p8a,puiA,\pɥa\
3443,p8e,puie,\pɥe\
3444,p8i,puiI,\pɥi\
3445,p8is,puiIs,\pɥis\
3446,p8isk,puiIsk,\pɥisk\
3447,p8iz,puiIz,\pɥiz\
3448,p9R,peuR,\pœʁ\
3449,p9b,peub,\pœb\
3450,p9dl,peudl,\pœdl\
3451,p9f,peuf,\pœf\
3452,p9l,peul,\pœl\
3453,p9nS,peunch,\pœnʃ\
3454,p9pl,peupl,\pœpl\
3455,p9t,peut,\pœt\
3456,p9v,peuv,\pœv\
3457,p@,pan,\pã\
3458,p@G,panng,\pãŋ\
3459,p@S,panch,\pãʃ\
3460,p@d,pand,\pãd\
3461,p@dR,pandR,\pãdʁ\
3462,p@pR,panpR,\pãpʁ\
3463,p@s,pans,\pãs\
3464,p@t,pant,\pãt\
3465,pE,pe,\pɛ\
3466,pEN,pegn,\pɛɲ\
3467,pER,peR,\pɛʁ\
3468,pERS,peRch,\pɛʁʃ\
3469,pERZ,peRge,\pɛʁʒ\
3470,pERb,peRb,\pɛʁb\
3471,pERd,peRd,\pɛʁd\
3472,pERdR,peRdR,\pɛʁdʁ\
3473,pERl,peRl,\pɛʁl\
3474,pERm,peRm,\pɛʁm\
3475,pERs,peRs,\pɛʁs\
3476,pERt,peRt,\pɛʁt\
3477,pES,pech,\pɛʃ\
3478,pEZ,pege,\pɛʒ\
3479,pEd,ped,\pɛd\
3480,pEgR,pegR,\pɛgʁ\
3481,pEj,pey,\pɛj\
3482,pEk,pek,\pɛk\
3483,pEks,peks,\pɛks\
3484,pEkt,pekt,\pɛkt\
3485,pEl,pel,\pɛl\
3486,pEn,pen,\pɛn\
3487,pEns,pens,\pɛns\
3488,pEp,pep,\pɛp\
3489,pEps,peps,\pɛps\
3490,pEs,pes,\pɛs\
3491,pEst,pest,\pɛst\
3492,pEstR,pestR,\pɛstʁ\
3493,pEt,pet,\pɛt\
3494,pEtR,petR,\pɛtʁ\
3495,pEz,pez,\pɛz\
3496,pON,pOgn,\pɔɲ\
3497,pOR,pOR,\pɔʁ\
3498,pORS,pORch,\pɔʁʃ\
3499,pORk,pORk,\pɔʁk\
3500,pORt,pORt,\pɔʁt\
3501,pOS,pOch,\pɔʃ\
3502,pOd,pOd,\pɔd\
3503,pOk,pOk,\pɔk\
3504,pOl,pOl,\pɔl\
3505,pOm,pOm,\pɔm\
3506,pOn,pOn,\pɔn\
3507,pOp,pOp,\pɔp\
3508,pOst,pOst,\pɔst\
3509,pOt,pOt,\pɔt\
3510,pR1,pRun,\pʁœ̃\
3511,pR1t,pRunt,\pʁœ̃t\
3512,pR2,pReu,\pʁø\
3513,pR2z,pReuz,\pʁøz\
3514,pR5,pRin,\pʁɛ̃\
3515,pR5s,pRins,\pʁɛ̃s\
3516,pR5t,pRint,\pʁɛ̃t\
3517,pR9v,pReuv,\pʁœv\
3518,pR@,pRan,\pʁã\
3519,pR@dR,pRandR,\pʁãdʁ\
3520,pR@g,pRang,\pʁãg\
3521,pRE,pRe,\pʁɛ\
3522,pREN,pRegn,\pʁɛɲ\
3523,pRER,pReR,\pʁɛʁ\
3524,pRES,pRech,\pʁɛʃ\
3525,pREl,pRel,\pʁɛl\
3526,pREm,pRem,\pʁɛm\
3527,pREn,pRen,\pʁɛn\
3528,pREs,pRes,\pʁɛs\
3529,pREsk,pResk,\pʁɛsk\
3530,pREst,pRest,\pʁɛst\
3531,pREt,pRet,\pʁɛt\
3532,pREtR,pRetR,\pʁɛtʁ\
3533,pROS,pROch,\pʁɔʃ\
3534,pROb,pROb,\pʁɔb\
3535,pRObR,pRObR,\pʁɔbʁ\
3536,pROf,pROf,\pʁɔf\
3537,pROk,pROk,\pʁɔk\
3538,pROp,pROp,\pʁɔp\
3539,pROpR,pROpR,\pʁɔpʁ\
3540,pROt,pROt,\pʁɔt\
3541,pRa,pRA,\pʁa\
3542,pRe,pRe,\pʁe\
3543,pRes,pRes,\pʁes\
3544,pRi,pRI,\pʁi\
3545,pRiR,pRIR,\pʁiʁ\
3546,pRik,pRIk,\pʁik\
3547,pRim,pRIm,\pʁim\
3548,pRin,pRIn,\pʁin\
3549,pRis,pRIs,\pʁis\
3550,pRiv,pRIv,\pʁiv\
3551,pRiz,pRIz,\pʁiz\
3552,pRizm,pRIzm,\pʁizm\
3553,pRo,pRo,\pʁo\
3554,pRon,pRon,\pʁon\
3555,pRoz,pRoz,\pʁoz\
3556,pRu,pROu,\pʁu\
3557,pRuf,pROuf,\pʁuf\
3558,pRut,pROut,\pʁut\
3559,pRuv,pROuv,\pʁuv\
3560,pRwa,pRwA,\pʁwa\
3561,pRyR,pRUR,\pʁyʁ\
3562,pRyd,pRUd,\pʁyd\
3563,pRyn,pRUn,\pʁyn\
3564,pR§,pRon,\pʁɔ̃\
3565,pR§t,pRont,\pʁɔ̃t\
3566,pSit,pchIt,\pʃit\
3567,pa,pA,\pa\
3568,paN,pAgn,\paɲ\
3569,paR,pAR,\paʁ\
3570,paRN,pARgn,\paʁɲ\
3571,paRd,pARd,\paʁd\
3572,paRk,pARk,\paʁk\
3573,paRl,pARl,\paʁl\
3574,paRm,pARm,\paʁm\
3575,paRs,pARs,\paʁs\
3576,paRt,pARt,\paʁt\
3577,paS,pAch,\paʃ\
3578,paZ,pAge,\paʒ\
3579,pabl,pAbl,\pabl\
3580,pad,pAd,\pad\
3581,padR,pAdR,\padʁ\
3582,paf,pAf,\paf\
3583,pag,pAg,\pag\
3584,paj,pAy,\paj\
3585,pak,pAk,\pak\
3586,paks,pAks,\paks\
3587,pakt,pAkt,\pakt\
3588,pal,pAl,\pal\
3589,palm,pAlm,\palm\
3590,palp,pAlp,\palp\
3591,pam,pAm,\pam\
3592,pan,pAn,\pan\
3593,pap,pAp,\pap\
3594,pas,pAs,\pas\
3595,pask,pAsk,\pask\
3596,past,pAst,\past\
3597,pat,pAt,\pat\
3598,patR,pAtR,\patʁ\
3599,patS,pAtch,\patʃ\
3600,pav,pAv,\pav\
3601,pawnd,pAwnd,\pawnd\
3602,pawndz,pAwndz,\pawndz\
3603,paz,pAz,\paz\
3604,pe,pe,\pe\
3605,pej,pey,\pej\
3606,pf,pf,\pf\
3607,pft,pft,\pft\
3608,pfyt,pfUt,\pfyt\
3609,pi,pI,\pi\
3610,piG,pIng,\piŋ\
3611,piN,pIgn,\piɲ\
3612,piR,pIR,\piʁ\
3613,piZ,pIge,\piʒ\
3614,pid,pId,\pid\
3615,pif,pIf,\pif\
3616,pifR,pIfR,\pifʁ\
3617,pij,pIy,\pij\
3618,pik,pIk,\pik\
3619,pil,pIl,\pil\
3620,pim,pIm,\pim\
3621,pin,pIn,\pin\
3622,pink,pInk,\pink\
3623,pins,pIns,\pins\
3624,pip,pIp,\pip\
3625,pis,pIs,\pis\
3626,pism,pIsm,\pism\
3627,pist,pIst,\pist\
3628,pit,pIt,\pit\
3629,pitR,pItR,\pitʁ\
3630,pitS,pItch,\pitʃ\
3631,piv,pIv,\piv\
3632,pizm,pIzm,\pizm\
3633,pj2,pyeu,\pjø\
3634,pj2t,pyeut,\pjøt\
3635,pj2z,pyeuz,\pjøz\
3636,pj5,pyin,\pjɛ̃\
3637,pj9R,pyeuR,\pjœʁ\
3638,pj9vR,pyeuvR,\pjœvʁ\
3639,pj@,pyan,\pjã\
3640,pj@s,pyans,\pjãs\
3641,pjE,pye,\pjɛ\
3642,pjER,pyeR,\pjɛʁ\
3643,pjEZ,pyege,\pjɛʒ\
3644,pjEgl,pyegl,\pjɛgl\
3645,pjEn,pyen,\pjɛn\
3646,pjEs,pyes,\pjɛs\
3647,pjEt,pyet,\pjɛt\
3648,pjEtR,pyetR,\pjɛtʁ\
3649,pjOS,pyOch,\pjɔʃ\
3650,pjOm,pyOm,\pjɔm\
3651,pjOn,pyOn,\pjɔn\
3652,pjOt,pyOt,\pjɔt\
3653,pja,pyA,\pja\
3654,pjaZ,pyAge,\pjaʒ\
3655,pjabl,pyAbl,\pjabl\
3656,pjad,pyAd,\pjad\
3657,pjaf,pyAf,\pjaf\
3658,pjaj,pyAy,\pjaj\
3659,pjal,pyAl,\pjal\
3660,pjastR,pyAstR,\pjastʁ\
3661,pje,pye,\pje\
3662,pjo,pyo,\pjo\
3663,pjol,pyol,\pjol\
3664,pjot,pyot,\pjot\
3665,pju,pyOu,\pju\
3666,pj§,pyon,\pjɔ̃\
3667,pj§s,pyons,\pjɔ̃s\
3668,pl2,pleu,\plø\
3669,pl2tR,pleutR,\pløtʁ\
3670,pl2v,pleuv,\pløv\
3671,pl5,plin,\plɛ̃\
3672,pl5dR,plindR,\plɛ̃dʁ\
3673,pl5t,plint,\plɛ̃t\
3674,pl8i,pluiI,\plɥi\
3675,pl9R,pleuR,\plœʁ\
3676,pl9j,pleuy,\plœj\
3677,pl@,plan,\plã\
3678,pl@S,planch,\plãʃ\
3679,pl@k,plank,\plãk\
3680,pl@t,plant,\plãt\
3681,plE,ple,\plɛ\
3682,plEN,plegn,\plɛɲ\
3683,plER,pleR,\plɛʁ\
3684,plEb,pleb,\plɛb\
3685,plEd,pled,\plɛd\
3686,plEks,pleks,\plɛks\
3687,plEktR,plektR,\plɛktʁ\
3688,plEn,plen,\plɛn\
3689,plEs,ples,\plɛs\
3690,plEt,plet,\plɛt\
3691,plEvR,plevR,\plɛvʁ\
3692,plEz,plez,\plɛz\
3693,plOR,plOR,\plɔʁ\
3694,plOk,plOk,\plɔk\
3695,plOm,plOm,\plɔm\
3696,plOt,plOt,\plɔt\
3697,pla,plA,\pla\
3698,plaZ,plAge,\plaʒ\
3699,plad,plAd,\plad\
3700,plajn,plAyn,\plajn\
3701,plak,plAk,\plak\
3702,plam,plAm,\plam\
3703,plan,plAn,\plan\
3704,plas,plAs,\plas\
3705,plasm,plAsm,\plasm\
3706,plast,plAst,\plast\
3707,plat,plAt,\plat\
3708,platR,plAtR,\platʁ\
3709,ple,ple,\ple\
3710,pli,plI,\pli\
3711,pliR,plIR,\pliʁ\
3712,plik,plIk,\plik\
3713,plin,plIn,\plin\
3714,plis,plIs,\plis\
3715,plist,plIst,\plist\
3716,plit,plIt,\plit\
3717,pliz,plIz,\pliz\
3718,plja,plyA,\plja\
3719,plo,plo,\plo\
3720,plom,plom,\plom\
3721,ploz,ploz,\ploz\
3722,pluf,plOuf,\pluf\
3723,pluk,plOuk,\pluk\
3724,plum,plOum,\plum\
3725,plun,plOun,\plun\
3726,plwa,plwA,\plwa\
3727,ply,plU,\ply\
3728,plyR,plUR,\plyʁ\
3729,plyS,plUch,\plyʃ\
3730,plym,plUm,\plym\
3731,plys,plUs,\plys\
3732,pl§,plon,\plɔ̃\
3733,pl§Z,plonge,\plɔ̃ʒ\
3734,pl§b,plonb,\plɔ̃b\
3735,pn2,pneu,\pnø\
3736,pne,pne,\pne\
3737,po,po,\po\
3738,pol,pol,\pol\
3739,pom,pom,\pom\
3740,pot,pot,\pot\
3741,potR,potR,\potʁ\
3742,povR,povR,\povʁ\
3743,poz,poz,\poz\
3744,psSEnt,pschent,\psʃɛnt\
3745,psaRd,psARd,\psaʁd\
3746,psi,psI,\psi\
3747,psit,psIt,\psit\
3748,psj§,psyon,\psjɔ̃\
3749,psom,psom,\psom\
3750,pst,pst,\pst\
3751,ptiks,ptIks,\ptiks\
3752,pu,pOu,\pu\
3753,puR,pOuR,\puʁ\
3754,puRpR,pOuRpR,\puʁpʁ\
3755,pudR,pOudR,\pudʁ\
3756,puf,pOuf,\puf\
3757,puj,pOuy,\puj\
3758,pul,pOul,\pul\
3759,pulp,pOulp,\pulp\
3760,pund,pOund,\pund\
3761,punt,pOunt,\punt\
3762,pup,pOup,\pup\
3763,pus,pOus,\pus\
3764,put,pOut,\put\
3765,putR,pOutR,\putʁ\
3766,putS,pOutch,\putʃ\
3767,puz,pOuz,\puz\
3768,pw5,pwin,\pwɛ̃\
3769,pw5dR,pwindR,\pwɛ̃dʁ\
3770,pw5t,pwint,\pwɛ̃t\
3771,pwa,pwA,\pwa\
3772,pwaN,pwAgn,\pwaɲ\
3773,pwaR,pwAR,\pwaʁ\
3774,pwakR,pwAkR,\pwakʁ\
3775,pwal,pwAl,\pwal\
3776,pwas,pwAs,\pwas\
3777,pwavR,pwAvR,\pwavʁ\
3778,pwaz,pwAz,\pwaz\
3779,pwik,pwIk,\pwik\
3780,pwin,pwIn,\pwin\
3781,py,pU,\py\
3782,pyN,pUgn,\pyɲ\
3783,pyR,pUR,\pyʁ\
3784,pyRZ,pURge,\pyʁʒ\
3785,pyS,pUch,\pyʃ\
3786,pyb,pUb,\pyb\
3787,pyk,pUk,\pyk\
3788,pyl,pUl,\pyl\
3789,pylk,pUlk,\pylk\
3790,pylkR,pUlkR,\pylkʁ\
3791,pylp,pUlp,\pylp\
3792,pyls,pUls,\pyls\
3793,pylt,pUlt,\pylt\
3794,pym,pUm,\pym\
3795,pyp,pUp,\pyp\
3796,pys,pUs,\pys\
3797,pyt,pUt,\pyt\
3798,p§,pon,\pɔ̃\
3799,p§G,ponng,\pɔ̃ŋ\
3800,p§S,ponch,\pɔ̃ʃ\
3801,p§Z,ponge,\pɔ̃ʒ\
3802,p§d,pond,\pɔ̃d\
3803,p§dR,pondR,\pɔ̃dʁ\
3804,p§gl,pongl,\pɔ̃gl\
3805,p§p,ponp,\pɔ̃p\
3806,p§s,pons,\pɔ̃s\
3807,p§t,pont,\pɔ̃t\
3808,p°n,pn,\pn\
3809,s,s,\s\
3810,s2,seu,\sø\
3811,s2z,seuz,\søz\
3812,s5,sin,\sɛ̃\
3813,s5Z,singe,\sɛ̃ʒ\
3814,s5d,sind,\sɛ̃d\
3815,s5dR,sindR,\sɛ̃dʁ\
3816,s5g,sing,\sɛ̃g\
3817,s5gl,singl,\sɛ̃gl\
3818,s5k,sink,\sɛ̃k\
3819,s5pl,sinpl,\sɛ̃pl\
3820,s5t,sint,\sɛ̃t\
3821,s5tR,sintR,\sɛ̃tʁ\
3822,s82,suieu,\sɥø\
3823,s82z,suieuz,\sɥøz\
3824,s85,suiin,\sɥɛ̃\
3825,s85t,suiint,\sɥɛ̃t\
3826,s89R,suieuR,\sɥœʁ\
3827,s8@,suian,\sɥã\
3828,s8@t,suiant,\sɥãt\
3829,s8E,suie,\sɥɛ\
3830,s8ER,suieR,\sɥɛʁ\
3831,s8Ed,suied,\sɥɛd\
3832,s8Ej,suiey,\sɥɛj\
3833,s8El,suiel,\sɥɛl\
3834,s8a,suiA,\sɥa\
3835,s8ad,suiAd,\sɥad\
3836,s8av,suiAv,\sɥav\
3837,s8e,suie,\sɥe\
3838,s8i,suiI,\sɥi\
3839,s8if,suiIf,\sɥif\
3840,s8is,suiIs,\sɥis\
3841,s8it,suiIt,\sɥit\
3842,s8iv,suiIv,\sɥiv\
3843,s8ivR,suiIvR,\sɥivʁ\
3844,s9R,seuR,\sœʁ\
3845,s9Rf,seuRf,\sœʁf\
3846,s9j,seuy,\sœj\
3847,s9l,seul,\sœl\
3848,s@,san,\sã\
3849,s@G,sanng,\sãŋ\
3850,s@Z,sange,\sãʒ\
3851,s@bR,sanbR,\sãbʁ\
3852,s@bl,sanbl,\sãbl\
3853,s@d,sand,\sãd\
3854,s@dR,sandR,\sãdʁ\
3855,s@g,sang,\sãg\
3856,s@gl,sangl,\sãgl\
3857,s@pl,sanpl,\sãpl\
3858,s@s,sans,\sãs\
3859,s@t,sant,\sãt\
3860,s@tR,santR,\sãtʁ\
3861,sE,se,\sɛ\
3862,sEN,segn,\sɛɲ\
3863,sER,seR,\sɛʁ\
3864,sERZ,seRge,\sɛʁʒ\
3865,sERb,seRb,\sɛʁb\
3866,sERk,seRk,\sɛʁk\
3867,sERkl,seRkl,\sɛʁkl\
3868,sERn,seRn,\sɛʁn\
3869,sERp,seRp,\sɛʁp\
3870,sERt,seRt,\sɛʁt\
3871,sERv,seRv,\sɛʁv\
3872,sES,sech,\sɛʃ\
3873,sEd,sed,\sɛd\
3874,sEdR,sedR,\sɛdʁ\
3875,sEgl,segl,\sɛgl\
3876,sEj,sey,\sɛj\
3877,sEk,sek,\sɛk\
3878,sEks,seks,\sɛks\
3879,sEkt,sekt,\sɛkt\
3880,sEl,sel,\sɛl\
3881,sElf,self,\sɛlf\
3882,sElt,selt,\sɛlt\
3883,sElts,selts,\sɛlts\
3884,sEm,sem,\sɛm\
3885,sEn,sen,\sɛn\
3886,sEp,sep,\sɛp\
3887,sEps,seps,\sɛps\
3888,sEpt,sept,\sɛpt\
3889,sEptR,septR,\sɛptʁ\
3890,sEs,ses,\sɛs\
3891,sEst,sest,\sɛst\
3892,sEt,set,\sɛt\
3893,sEtR,setR,\sɛtʁ\
3894,sEv,sev,\sɛv\
3895,sEvR,sevR,\sɛvʁ\
3896,sEz,sez,\sɛz\
3897,sOR,sOR,\sɔʁ\
3898,sORb,sORb,\sɔʁb\
3899,sORn,sORn,\sɔʁn\
3900,sORt,sORt,\sɔʁt\
3901,sObR,sObR,\sɔbʁ\
3902,sOft,sOft,\sɔft\
3903,sOk,sOk,\sɔk\
3904,sOkl,sOkl,\sɔkl\
3905,sOl,sOl,\sɔl\
3906,sOld,sOld,\sɔld\
3907,sOlv,sOlv,\sɔlv\
3908,sOm,sOm,\sɔm\
3909,sOn,sOn,\sɔn\
3910,sOt,sOt,\sɔt\
3911,sREn,sRen,\sʁɛn\
3912,sRoz,sRoz,\sʁoz\
3913,sRwa,sRwA,\sʁwa\
3914,sSEf,schef,\sʃɛf\
3915,sSEk,schek,\sʃɛk\
3916,sSOp,schOp,\sʃɔp\
3917,sZ@dR,sgeandR,\sʒãdʁ\
3918,sa,sA,\sa\
3919,saG,sAng,\saŋ\
3920,saR,sAR,\saʁ\
3921,saRd,sARd,\saʁd\
3922,saRkl,sARkl,\saʁkl\
3923,saRt,sARt,\saʁt\
3924,saS,sAch,\saʃ\
3925,saZ,sAge,\saʒ\
3926,sabR,sAbR,\sabʁ\
3927,sabl,sAbl,\sabl\
3928,sad,sAd,\sad\
3929,saj,sAy,\saj\
3930,sajt,sAyt,\sajt\
3931,sak,sAk,\sak\
3932,sakR,sAkR,\sakʁ\
3933,saks,sAks,\saks\
3934,sal,sAl,\sal\
3935,salv,sAlv,\salv\
3936,sam,sAm,\sam\
3937,san,sAn,\san\
3938,sap,sAp,\sap\
3939,sas,sAs,\sas\
3940,sat,sAt,\sat\
3941,satR,sAtR,\satʁ\
3942,sav,sAv,\sav\
3943,sbERg,sbeRg,\sbɛʁg\
3944,sbOs,sbOs,\sbɔs\
3945,sbOwt,sbOwt,\sbɔwt\
3946,sbiR,sbIR,\sbiʁ\
3947,sdal,sdAl,\sdal\
3948,sdj2,sdyeu,\sdjø\
3949,se,se,\se\
3950,sej,sey,\sej\
3951,sek,sek,\sek\
3952,seks,seks,\seks\
3953,sf5Z,sfinge,\sfɛ̃ʒ\
3954,sf5ks,sfinks,\sfɛ̃ks\
3955,sfEN,sfegn,\sfɛɲ\
3956,sfER,sfeR,\sfɛʁ\
3957,sfORd,sfORd,\sfɔʁd\
3958,sfam,sfAm,\sfam\
3959,sfis,sfIs,\sfis\
3960,sflik,sflIk,\sflik\
3961,sg@g,sgang,\sgãg\
3962,sgRup,sgROup,\sgʁup\
3963,sgaRd,sgARd,\sgaʁd\
3964,sgwaRd,sgwARd,\sgwaʁd\
3965,sgwaRds,sgwARds,\sgwaʁds\
3966,si,sI,\si\
3967,siG,sIng,\siŋ\
3968,siN,sIgn,\siɲ\
3969,siR,sIR,\siʁ\
3970,siRk,sIRk,\siʁk\
3971,siRp,sIRp,\siʁp\
3972,siRs,sIRs,\siʁs\
3973,siRt,sIRt,\siʁt\
3974,sibl,sIbl,\sibl\
3975,sid,sId,\sid\
3976,sidR,sIdR,\sidʁ\
3977,sif,sIf,\sif\
3978,sifl,sIfl,\sifl\
3979,sigl,sIgl,\sigl\
3980,sij,sIy,\sij\
3981,sik,sIk,\sik\
3982,sikl,sIkl,\sikl\
3983,sikst,sIkst,\sikst\
3984,sil,sIl,\sil\
3985,silf,sIlf,\silf\
3986,silv,sIlv,\silv\
3987,sim,sIm,\sim\
3988,sin,sIn,\sin\
3989,sip,sIp,\sip\
3990,sipl,sIpl,\sipl\
3991,sis,sIs,\sis\
3992,sisk,sIsk,\sisk\
3993,sism,sIsm,\sism\
3994,sist,sIst,\sist\
3995,sit,sIt,\sit\
3996,siv,sIv,\siv\
3997,siz,sIz,\siz\
3998,sizm,sIzm,\sizm\
3999,sj2,syeu,\sjø\
4000,sj2z,syeuz,\sjøz\
4001,sj5,syin,\sjɛ̃\
4002,sj9R,syeuR,\sjœʁ\
4003,sj9n,syeun,\sjœn\
4004,sj@,syan,\sjã\
4005,sj@s,syans,\sjãs\
4006,sj@t,syant,\sjãt\
4007,sjE,sye,\sjɛ\
4008,sjER,syeR,\sjɛʁ\
4009,sjERZ,syeRge,\sjɛʁʒ\
4010,sjEZ,syege,\sjɛʒ\
4011,sjEkl,syekl,\sjɛkl\
4012,sjEl,syel,\sjɛl\
4013,sjEm,syem,\sjɛm\
4014,sjEn,syen,\sjɛn\
4015,sjEs,syes,\sjɛs\
4016,sjEst,syest,\sjɛst\
4017,sjEt,syet,\sjɛt\
4018,sjOl,syOl,\sjɔl\
4019,sjOm,syOm,\sjɔm\
4020,sjOn,syOn,\sjɔn\
4021,sja,syA,\sja\
4022,sjaR,syAR,\sjaʁ\
4023,sjaRd,syARd,\sjaʁd\
4024,sjaZ,syAge,\sjaʒ\
4025,sjabl,syAbl,\sjabl\
4026,sjal,syAl,\sjal\
4027,sjam,syAm,\sjam\
4028,sjan,syAn,\sjan\
4029,sjas,syAs,\sjas\
4030,sjat,syAt,\sjat\
4031,sje,sye,\sje\
4032,sjo,syo,\sjo\
4033,sjom,syom,\sjom\
4034,sjon,syon,\sjon\
4035,sju,syOu,\sju\
4036,sjyR,syUR,\sjyʁ\
4037,sjys,syUs,\sjys\
4038,sj§,syon,\sjɔ̃\
4039,sk@d,skand,\skãd\
4040,skEjt,skeyt,\skɛjt\
4041,skEjts,skeyts,\skɛjts\
4042,skEtS,sketch,\skɛtʃ\
4043,skOR,skOR,\skɔʁ\
4044,skOp,skOp,\skɔp\
4045,skOtS,skOtch,\skɔtʃ\
4046,skR9b,skReub,\skʁœb\
4047,skROb,skROb,\skʁɔb\
4048,skRabl,skRAbl,\skʁabl\
4049,skRatS,skRAtch,\skʁatʃ\
4050,skRib,skRIb,\skʁib\
4051,skRik,skRIk,\skʁik\
4052,skRim,skRIm,\skʁim\
4053,skRimz,skRImz,\skʁimz\
4054,skRipt,skRIpt,\skʁipt\
4055,skRyt,skRUt,\skʁyt\
4056,ska,skA,\ska\
4057,skaR,skAR,\skaʁ\
4058,skaj,skAy,\skaj\
4059,skal,skAl,\skal\
4060,skalf,skAlf,\skalf\
4061,skalp,skAlp,\skalp\
4062,skan,skAn,\skan\
4063,skat,skAt,\skat\
4064,ski,skI,\ski\
4065,skid,skId,\skid\
4066,skif,skIf,\skif\
4067,skin,skIn,\skin\
4068,skip,skIp,\skip\
4069,skist,skIst,\skist\
4070,skit,skIt,\skit\
4071,skiz,skIz,\skiz\
4072,skizm,skIzm,\skizm\
4073,skj2z,skyeuz,\skjøz\
4074,skj5,skyin,\skjɛ̃\
4075,skj9R,skyeuR,\skjœʁ\
4076,skjE,skye,\skjɛ\
4077,skjabl,skyAbl,\skjabl\
4078,skje,skye,\skje\
4079,sklam,sklAm,\sklam\
4080,skly,sklU,\skly\
4081,sklyR,sklUR,\sklyʁ\
4082,skon,skon,\skon\
4083,skulz,skOulz,\skulz\
4084,skup,skOup,\skup\
4085,skupl,skOupl,\skupl\
4086,skut,skOut,\skut\
4087,skwaR,skwAR,\skwaʁ\
4088,skwaS,skwAch,\skwaʃ\
4089,skwajR,skwAyR,\skwajʁ\
4090,skwal,skwAl,\skwal\
4091,skwam,skwAm,\skwam\
4092,skwat,skwAt,\skwat\
4093,skwiz,skwIz,\skwiz\
4094,skwo,skwo,\skwo\
4095,skyR,skUR,\skyʁ\
4096,skylt,skUlt,\skylt\
4097,skyz,skUz,\skyz\
4098,sk§,skon,\skɔ̃\
4099,sk§s,skons,\skɔ̃s\
4100,sk°,sk,\sk\
4101,sl9S,sleuch,\slœʃ\
4102,sl9g,sleug,\slœg\
4103,sl@d,sland,\slãd\
4104,sl@g,slang,\slãg\
4105,slEg,sleg,\slɛg\
4106,slOk,slOk,\slɔk\
4107,sla,slA,\sla\
4108,slaS,slAch,\slaʃ\
4109,slam,slAm,\slam\
4110,slat,slAt,\slat\
4111,slav,slAv,\slav\
4112,sli,slI,\sli\
4113,sliG,slIng,\sliŋ\
4114,slip,slIp,\slip\
4115,slis,slIs,\slis\
4116,slo,slo,\slo\
4117,slup,slOup,\slup\
4118,sm9Rf,smeuRf,\smœʁf\
4119,sm@bR,smanbR,\smãbʁ\
4120,smER,smeR,\smɛʁ\
4121,smEk,smek,\smɛk\
4122,smEtR,smetR,\smɛtʁ\
4123,smOg,smOg,\smɔg\
4124,smaRt,smARt,\smaʁt\
4125,smaS,smAch,\smaʃ\
4126,smak,smAk,\smak\
4127,smis,smIs,\smis\
4128,smok,smok,\smok\
4129,snOb,snOb,\snɔb\
4130,snak,snAk,\snak\
4131,snaz,snAz,\snaz\
4132,snif,snIf,\snif\
4133,snip,snIp,\snip\
4134,so,so,\so\
4135,soR,soR,\soʁ\
4136,soZ,soge,\soʒ\
4137,sof,sof,\sof\
4138,sol,sol,\sol\
4139,sos,sos,\sos\
4140,sot,sot,\sot\
4141,sov,sov,\sov\
4142,spER,speR,\spɛʁ\
4143,spERm,speRm,\spɛʁm\
4144,spERt,speRt,\spɛʁt\
4145,spEktR,spektR,\spɛktʁ\
4146,spOR,spOR,\spɔʁ\
4147,spORt,spORt,\spɔʁt\
4148,spOt,spOt,\spɔt\
4149,spRE,spRe,\spʁɛ\
4150,spREj,spRey,\spʁɛj\
4151,spREs,spRes,\spʁɛs\
4152,spREtR,spRetR,\spʁɛtʁ\
4153,spRat,spRAt,\spʁat\
4154,spRiG,spRIng,\spʁiŋ\
4155,spRim,spRIm,\spʁim\
4156,spRint,spRInt,\spʁint\
4157,spRum,spROum,\spʁum\
4158,spRys,spRUs,\spʁys\
4159,spa,spA,\spa\
4160,spaRt,spARt,\spaʁt\
4161,spalm,spAlm,\spalm\
4162,spas,spAs,\spas\
4163,spasm,spAsm,\spasm\
4164,spat,spAt,\spat\
4165,spes,spes,\spes\
4166,spi,spI,\spi\
4167,spiR,spIR,\spiʁ\
4168,spid,spId,\spid\
4169,spik,spIk,\spik\
4170,spin,spIn,\spin\
4171,spitS,spItch,\spitʃ\
4172,spits,spIts,\spits\
4173,spj@,spyan,\spjã\
4174,spjE,spye,\spjɛ\
4175,spjER,spyeR,\spjɛʁ\
4176,spjabl,spyAbl,\spjabl\
4177,spje,spye,\spje\
4178,splOR,splOR,\splɔʁ\
4179,splaS,splAch,\splaʃ\
4180,splik,splIk,\splik\
4181,splin,splIn,\splin\
4182,sploz,sploz,\sploz\
4183,splwa,splwA,\splwa\
4184,splwat,splwAt,\splwat\
4185,spo,spo,\spo\
4186,spoz,spoz,\spoz\
4187,spun,spOun,\spun\
4188,spyls,spUls,\spyls\
4189,spyt,spUt,\spyt\
4190,ssak,ssAk,\ssak\
4191,sstaR,sstAR,\sstaʁ\
4192,st5,stin,\stɛ̃\
4193,st5R,stinR,\stɛ̃ʁ\
4194,st8El,stuiel,\stɥɛl\
4195,st8OR,stuiOR,\stɥɔʁ\
4196,st9R,steuR,\stœʁ\
4197,st@,stan,\stã\
4198,st@d,stand,\stãd\
4199,st@s,stans,\stãs\
4200,stE,ste,\stɛ\
4201,stER,steR,\stɛʁ\
4202,stERn,steRn,\stɛʁn\
4203,stEjk,steyk,\stɛjk\
4204,stEjt,steyt,\stɛjt\
4205,stEk,stek,\stɛk\
4206,stEl,stel,\stɛl\
4207,stEm,stem,\stɛm\
4208,stEn,sten,\stɛn\
4209,stEp,step,\stɛp\
4210,stOR,stOR,\stɔʁ\
4211,stORk,stORk,\stɔʁk\
4212,stOk,stOk,\stɔk\
4213,stOks,stOks,\stɔks\
4214,stOp,stOp,\stɔp\
4215,stR2m,stReum,\stʁøm\
4216,stRE,stRe,\stʁɛ\
4217,stRER,stReR,\stʁɛʁ\
4218,stREm,stRem,\stʁɛm\
4219,stREs,stRes,\stʁɛs\
4220,stREt,stRet,\stʁɛt\
4221,stREtS,stRetch,\stʁɛtʃ\
4222,stROf,stROf,\stʁɔf\
4223,stROm,stROm,\stʁɔm\
4224,stRa,stRA,\stʁa\
4225,stRad,stRAd,\stʁad\
4226,stRas,stRAs,\stʁas\
4227,stRat,stRAt,\stʁat\
4228,stRi,stRI,\stʁi\
4229,stRiG,stRIng,\stʁiŋ\
4230,stRiZ,stRIge,\stʁiʒ\
4231,stRikt,stRIkt,\stʁikt\
4232,stRim,stRIm,\stʁim\
4233,stRip,stRIp,\stʁip\
4234,stRit,stRIt,\stʁit\
4235,stRo,stRo,\stʁo\
4236,stRoz,stRoz,\stʁoz\
4237,stRy,stRU,\stʁy\
4238,stRyz,stRUz,\stʁyz\
4239,sta,stA,\sta\
4240,staR,stAR,\staʁ\
4241,staZ,stAge,\staʒ\
4242,stabl,stAbl,\stabl\
4243,stad,stAd,\stad\
4244,staf,stAf,\staf\
4245,stagn,stAgn,\stagn\
4246,stakl,stAkl,\stakl\
4247,stal,stAl,\stal\
4248,stat,stAt,\stat\
4249,staz,stAz,\staz\
4250,ste,ste,\ste\
4251,stiRp,stIRp,\stiʁp\
4252,stik,stIk,\stik\
4253,stil,stIl,\stil\
4254,stin,stIn,\stin\
4255,stip,stIp,\stip\
4256,stipl,stIpl,\stipl\
4257,stis,stIs,\stis\
4258,stiz,stIz,\stiz\
4259,stj5,styin,\stjɛ̃\
4260,stjEn,styen,\stjɛn\
4261,sto,sto,\sto\
4262,ston,ston,\ston\
4263,stuRm,stOuRm,\stuʁm\
4264,stut,stOut,\stut\
4265,stvo,stvo,\stvo\
4266,styR,stUR,\styʁ\
4267,styk,stUk,\styk\
4268,styp,stUp,\styp\
4269,stypR,stUpR,\stypʁ\
4270,stypl,stUpl,\stypl\
4271,stys,stUs,\stys\
4272,su,sOu,\su\
4273,suR,sOuR,\suʁ\
4274,suRd,sOuRd,\suʁd\
4275,suRs,sOuRs,\suʁs\
4276,suS,sOuch,\suʃ\
4277,sud,sOud,\sud\
4278,sudR,sOudR,\sudʁ\
4279,sufR,sOufR,\sufʁ\
4280,sufl,sOufl,\sufl\
4281,suj,sOuy,\suj\
4282,suk,sOuk,\suk\
4283,sul,sOul,\sul\
4284,sup,sOup,\sup\
4285,supl,sOupl,\supl\
4286,sut,sOut,\sut\
4287,svElt,svelt,\svɛlt\
4288,sw5,swin,\swɛ̃\
4289,swE,swe,\swɛ\
4290,swEt,swet,\swɛt\
4291,swa,swA,\swa\
4292,swaN,swAgn,\swaɲ\
4293,swaR,swAR,\swaʁ\
4294,swab,swAb,\swab\
4295,swaf,swAf,\swaf\
4296,swav,swAv,\swav\
4297,swaz,swAz,\swaz\
4298,swiG,swIng,\swiŋ\
4299,swul,swOul,\swul\
4300,sy,sU,\sy\
4301,syR,sUR,\syʁ\
4302,syRZ,sURge,\syʁʒ\
4303,syRd,sURd,\syʁd\
4304,syb,sUb,\syb\
4305,syd,sUd,\syd\
4306,syfl,sUfl,\syfl\
4307,syk,sUk,\syk\
4308,sykR,sUkR,\sykʁ\
4309,syl,sUl,\syl\
4310,sylt,sUlt,\sylt\
4311,sym,sUm,\sym\
4312,sys,sUs,\sys\
4313,syt,sUt,\syt\
4314,s§,son,\sɔ̃\
4315,s§Z,songe,\sɔ̃ʒ\
4316,s§bR,sonbR,\sɔ̃bʁ\
4317,s§d,sond,\sɔ̃d\
4318,s§g,song,\sɔ̃g\
4319,s°,s,\s\
4320,s°k,sk,\sk\
4321,s°t,st,\st\
4322,t,t,\t\
4323,t1,tun,\tœ̃\
4324,t2,teu,\tø\
4325,t2k,teuk,\tøk\
4326,t2z,teuz,\tøz\
4327,t5,tin,\tɛ̃\
4328,t5G,tinng,\tɛ̃ŋ\
4329,t5R,tinR,\tɛ̃ʁ\
4330,t5bR,tinbR,\tɛ̃bʁ\
4331,t5dR,tindR,\tɛ̃dʁ\
4332,t5g,ting,\tɛ̃g\
4333,t5kt,tinkt,\tɛ̃kt\
4334,t5m,tinm,\tɛ̃m\
4335,t5s,tins,\tɛ̃s\
4336,t5t,tint,\tɛ̃t\
4337,t82,tuieu,\tɥø\
4338,t82z,tuieuz,\tɥøz\
4339,t89R,tuieuR,\tɥœʁ\
4340,t8@,tuian,\tɥã\
4341,t8@t,tuiant,\tɥãt\
4342,t8E,tuie,\tɥɛ\
4343,t8ER,tuieR,\tɥɛʁ\
4344,t8El,tuiel,\tɥɛl\
4345,t8Esk,tuiesk,\tɥɛsk\
4346,t8Et,tuiet,\tɥɛt\
4347,t8OR,tuiOR,\tɥɔʁ\
4348,t8Ol,tuiOl,\tɥɔl\
4349,t8a,tuiA,\tɥa\
4350,t8abl,tuiAbl,\tɥabl\
4351,t8aj,tuiAy,\tɥaj\
4352,t8al,tuiAl,\tɥal\
4353,t8am,tuiAm,\tɥam\
4354,t8as,tuiAs,\tɥas\
4355,t8e,tuie,\tɥe\
4356,t8i,tuiI,\tɥi\
4357,t8il,tuiIl,\tɥil\
4358,t8it,tuiIt,\tɥit\
4359,t8oz,tuioz,\tɥoz\
4360,t8§,tuion,\tɥɔ̃\
4361,t9R,teuR,\tœʁ\
4362,t9Rn,teuRn,\tœʁn\
4363,t9b,teub,\tœb\
4364,t9f,teuf,\tœf\
4365,t9j,teuy,\tœj\
4366,t9l,teul,\tœl\
4367,t9p,teup,\tœp\
4368,t@,tan,\tã\
4369,t@S,tanch,\tãʃ\
4370,t@bR,tanbR,\tãbʁ\
4371,t@d,tand,\tãd\
4372,t@dR,tandR,\tãdʁ\
4373,t@g,tang,\tãg\
4374,t@gl,tangl,\tãgl\
4375,t@k,tank,\tãk\
4376,t@p,tanp,\tãp\
4377,t@pl,tanpl,\tãpl\
4378,t@s,tans,\tãs\
4379,t@t,tant,\tãt\
4380,tE,te,\tɛ\
4381,tEN,tegn,\tɛɲ\
4382,tER,teR,\tɛʁ\
4383,tERm,teRm,\tɛʁm\
4384,tERn,teRn,\tɛʁn\
4385,tERs,teRs,\tɛʁs\
4386,tERtR,teRtR,\tɛʁtʁ\
4387,tEZ,tege,\tɛʒ\
4388,tEbR,tebR,\tɛbʁ\
4389,tEd,ted,\tɛd\
4390,tEdR,tedR,\tɛdʁ\
4391,tEgR,tegR,\tɛgʁ\
4392,tEgm,tegm,\tɛgm\
4393,tEj,tey,\tɛj\
4394,tEjd,teyd,\tɛjd\
4395,tEk,tek,\tɛk\
4396,tEks,teks,\tɛks\
4397,tEkst,tekst,\tɛkst\
4398,tEkt,tekt,\tɛkt\
4399,tEl,tel,\tɛl\
4400,tEm,tem,\tɛm\
4401,tEn,ten,\tɛn\
4402,tEs,tes,\tɛs\
4403,tEsk,tesk,\tɛsk\
4404,tEst,test,\tɛst\
4405,tEt,tet,\tɛt\
4406,tEtR,tetR,\tɛtʁ\
4407,tEz,tez,\tɛz\
4408,tOR,tOR,\tɔʁ\
4409,tORS,tORch,\tɔʁʃ\
4410,tORd,tORd,\tɔʁd\
4411,tORdR,tORdR,\tɔʁdʁ\
4412,tORk,tORk,\tɔʁk\
4413,tORn,tORn,\tɔʁn\
4414,tORs,tORs,\tɔʁs\
4415,tORt,tORt,\tɔʁt\
4416,tORv,tORv,\tɔʁv\
4417,tORz,tORz,\tɔʁz\
4418,tOS,tOch,\tɔʃ\
4419,tOZ,tOge,\tɔʒ\
4420,tObR,tObR,\tɔbʁ\
4421,tOd,tOd,\tɔd\
4422,tOf,tOf,\tɔf\
4423,tOk,tOk,\tɔk\
4424,tOks,tOks,\tɔks\
4425,tOl,tOl,\tɔl\
4426,tOm,tOm,\tɔm\
4427,tOn,tOn,\tɔn\
4428,tOp,tOp,\tɔp\
4429,tOps,tOps,\tɔps\
4430,tOs,tOs,\tɔs\
4431,tOt,tOt,\tɔt\
4432,tR2,tReu,\tʁø\
4433,tR2z,tReuz,\tʁøz\
4434,tR5,tRin,\tʁɛ̃\
4435,tR5dR,tRindR,\tʁɛ̃dʁ\
4436,tR5g,tRing,\tʁɛ̃g\
4437,tR5gl,tRingl,\tʁɛ̃gl\
4438,tR5k,tRink,\tʁɛ̃k\
4439,tR5t,tRint,\tʁɛ̃t\
4440,tR8El,tRuiel,\tʁɥɛl\
4441,tR8e,tRuie,\tʁɥe\
4442,tR8i,tRuiI,\tʁɥi\
4443,tR8iR,tRuiIR,\tʁɥiʁ\
4444,tR8ist,tRuiIst,\tʁɥist\
4445,tR8it,tRuiIt,\tʁɥit\
4446,tR8iz,tRuiIz,\tʁɥiz\
4447,tR8izm,tRuiIzm,\tʁɥizm\
4448,tR9R,tReuR,\tʁœʁ\
4449,tR9j,tReuy,\tʁœj\
4450,tR9st,tReust,\tʁœst\
4451,tR@,tRan,\tʁã\
4452,tR@S,tRanch,\tʁãʃ\
4453,tR@Z,tRange,\tʁãʒ\
4454,tR@bl,tRanbl,\tʁãbl\
4455,tR@gl,tRangl,\tʁãgl\
4456,tR@p,tRanp,\tʁãp\
4457,tR@s,tRans,\tʁãs\
4458,tR@t,tRant,\tʁãt\
4459,tRE,tRe,\tʁɛ\
4460,tREN,tRegn,\tʁɛɲ\
4461,tRER,tReR,\tʁɛʁ\
4462,tREd,tRed,\tʁɛd\
4463,tREfl,tRefl,\tʁɛfl\
4464,tREj,tRey,\tʁɛj\
4465,tREk,tRek,\tʁɛk\
4466,tREl,tRel,\tʁɛl\
4467,tREn,tRen,\tʁɛn\
4468,tREnS,tRench,\tʁɛnʃ\
4469,tREp,tRep,\tʁɛp\
4470,tREs,tRes,\tʁɛs\
4471,tREt,tRet,\tʁɛt\
4472,tREtR,tRetR,\tʁɛtʁ\
4473,tREv,tRev,\tʁɛv\
4474,tREz,tRez,\tʁɛz\
4475,tRON,tROgn,\tʁɔɲ\
4476,tRORdR,tRORdR,\tʁɔʁdʁ\
4477,tROS,tROch,\tʁɔʃ\
4478,tROd,tROd,\tʁɔd\
4479,tROf,tROf,\tʁɔf\
4480,tROk,tROk,\tʁɔk\
4481,tROl,tROl,\tʁɔl\
4482,tROm,tROm,\tʁɔm\
4483,tROn,tROn,\tʁɔn\
4484,tROp,tROp,\tʁɔp\
4485,tROs,tROs,\tʁɔs\
4486,tROt,tROt,\tʁɔt\
4487,tRa,tRA,\tʁa\
4488,tRaRk,tRARk,\tʁaʁk\
4489,tRaZ,tRAge,\tʁaʒ\
4490,tRabl,tRAbl,\tʁabl\
4491,tRad,tRAd,\tʁad\
4492,tRaj,tRAy,\tʁaj\
4493,tRak,tRAk,\tʁak\
4494,tRaks,tRAks,\tʁaks\
4495,tRakt,tRAkt,\tʁakt\
4496,tRal,tRAl,\tʁal\
4497,tRam,tRAm,\tʁam\
4498,tRap,tRAp,\tʁap\
4499,tRas,tRAs,\tʁas\
4500,tRast,tRAst,\tʁast\
4501,tRat,tRAt,\tʁat\
4502,tRav,tRAv,\tʁav\
4503,tRaz,tRAz,\tʁaz\
4504,tRe,tRe,\tʁe\
4505,tRi,tRI,\tʁi\
4506,tRiR,tRIR,\tʁiʁ\
4507,tRiS,tRIch,\tʁiʃ\
4508,tRib,tRIb,\tʁib\
4509,tRid,tRId,\tʁid\
4510,tRig,tRIg,\tʁig\
4511,tRigl,tRIgl,\tʁigl\
4512,tRij,tRIy,\tʁij\
4513,tRik,tRIk,\tʁik\
4514,tRikt,tRIkt,\tʁikt\
4515,tRil,tRIl,\tʁil\
4516,tRim,tRIm,\tʁim\
4517,tRin,tRIn,\tʁin\
4518,tRip,tRIp,\tʁip\
4519,tRipl,tRIpl,\tʁipl\
4520,tRis,tRIs,\tʁis\
4521,tRism,tRIsm,\tʁism\
4522,tRist,tRIst,\tʁist\
4523,tRit,tRIt,\tʁit\
4524,tRiz,tRIz,\tʁiz\
4525,tRizm,tRIzm,\tʁizm\
4526,tRje,tRye,\tʁje\
4527,tRo,tRo,\tʁo\
4528,tRol,tRol,\tʁol\
4529,tRon,tRon,\tʁon\
4530,tRos,tRos,\tʁos\
4531,tRoz,tRoz,\tʁoz\
4532,tRu,tROu,\tʁu\
4533,tRubl,tROubl,\tʁubl\
4534,tRuj,tROuy,\tʁuj\
4535,tRup,tROup,\tʁup\
4536,tRus,tROus,\tʁus\
4537,tRuv,tROuv,\tʁuv\
4538,tRuvR,tROuvR,\tʁuvʁ\
4539,tRuz,tROuz,\tʁuz\
4540,tRwa,tRwA,\tʁwa\
4541,tRwaj,tRwAy,\tʁwaj\
4542,tRwat,tRwAt,\tʁwat\
4543,tRwaz,tRwAz,\tʁwaz\
4544,tRy,tRU,\tʁy\
4545,tRyS,tRUch,\tʁyʃ\
4546,tRyf,tRUf,\tʁyf\
4547,tRyk,tRUk,\tʁyk\
4548,tRys,tRUs,\tʁys\
4549,tRysk,tRUsk,\tʁysk\
4550,tRyz,tRUz,\tʁyz\
4551,tR§,tRon,\tʁɔ̃\
4552,tR§S,tRonch,\tʁɔ̃ʃ\
4553,tR§b,tRonb,\tʁɔ̃b\
4554,tR§p,tRonp,\tʁɔ̃p\
4555,tS9R,tcheuR,\tʃœʁ\
4556,tSER,tcheR,\tʃɛʁ\
4557,tSEjz,tcheyz,\tʃɛjz\
4558,tSEk,tchek,\tʃɛk\
4559,tSatS,tchAtch,\tʃatʃ\
4560,tSe,tche,\tʃe\
4561,tSi,tchI,\tʃi\
4562,tSin,tchIn,\tʃin\
4563,tSip,tchIp,\tʃip\
4564,tSmaRk,tchmARk,\tʃmaʁk\
4565,tSvants,tchvAnts,\tʃvants\
4566,ta,tA,\ta\
4567,taN,tAgn,\taɲ\
4568,taR,tAR,\taʁ\
4569,taRZ,tARge,\taʁʒ\
4570,taRd,tARd,\taʁd\
4571,taRg,tARg,\taʁg\
4572,taRk,tARk,\taʁk\
4573,taRs,tARs,\taʁs\
4574,taRt,tARt,\taʁt\
4575,taRtR,tARtR,\taʁtʁ\
4576,taS,tAch,\taʃ\
4577,taZ,tAge,\taʒ\
4578,tab,tAb,\tab\
4579,tabl,tAbl,\tabl\
4580,tad,tAd,\tad\
4581,taf,tAf,\taf\
4582,tag,tAg,\tag\
4583,tagm,tAgm,\tagm\
4584,taj,tAy,\taj\
4585,tajm,tAym,\tajm\
4586,tak,tAk,\tak\
4587,takl,tAkl,\takl\
4588,taks,tAks,\taks\
4589,takt,tAkt,\takt\
4590,tal,tAl,\tal\
4591,talk,tAlk,\talk\
4592,tam,tAm,\tam\
4593,tan,tAn,\tan\
4594,tap,tAp,\tap\
4595,tas,tAs,\tas\
4596,task,tAsk,\task\
4597,tasm,tAsm,\tasm\
4598,tat,tAt,\tat\
4599,tav,tAv,\tav\
4600,taw,tAw,\taw\
4601,taz,tAz,\taz\
4602,tbORd,tbORd,\tbɔʁd\
4603,tbal,tbAl,\tbal\
4604,tbwa,tbwA,\tbwa\
4605,te,te,\te\
4606,tej,tey,\tej\
4607,tel,tel,\tel\
4608,tfas,tfAs,\tfas\
4609,tfud,tfOud,\tfud\
4610,tg9Rl,tgeuRl,\tgœʁl\
4611,tgEn,tgen,\tgɛn\
4612,tgEns,tgens,\tgɛns\
4613,ti,tI,\ti\
4614,tiG,tIng,\tiŋ\
4615,tiN,tIgn,\tiɲ\
4616,tiR,tIR,\tiʁ\
4617,tiRs,tIRs,\tiʁs\
4618,tiS,tIch,\tiʃ\
4619,tiZ,tIge,\tiʒ\
4620,tibl,tIbl,\tibl\
4621,tid,tId,\tid\
4622,tif,tIf,\tif\
4623,tig,tIg,\tig\
4624,tigR,tIgR,\tigʁ\
4625,tij,tIy,\tij\
4626,tik,tIk,\tik\
4627,tikl,tIkl,\tikl\
4628,til,tIl,\til\
4629,tilt,tIlt,\tilt\
4630,tim,tIm,\tim\
4631,tin,tIn,\tin\
4632,tip,tIp,\tip\
4633,tipl,tIpl,\tipl\
4634,tis,tIs,\tis\
4635,tisk,tIsk,\tisk\
4636,tism,tIsm,\tism\
4637,tist,tIst,\tist\
4638,tit,tIt,\tit\
4639,titR,tItR,\titʁ\
4640,tiv,tIv,\tiv\
4641,tiz,tIz,\tiz\
4642,tizm,tIzm,\tizm\
4643,tj2,tyeu,\tjø\
4644,tj2z,tyeuz,\tjøz\
4645,tj5,tyin,\tjɛ̃\
4646,tj@,tyan,\tjã\
4647,tj@t,tyant,\tjãt\
4648,tjE,tye,\tjɛ\
4649,tjER,tyeR,\tjɛʁ\
4650,tjERs,tyeRs,\tjɛʁs\
4651,tjEd,tyed,\tjɛd\
4652,tjEl,tyel,\tjɛl\
4653,tjEm,tyem,\tjɛm\
4654,tjEn,tyen,\tjɛn\
4655,tjOl,tyOl,\tjɔl\
4656,tjOm,tyOm,\tjɔm\
4657,tjOn,tyOn,\tjɔn\
4658,tjOt,tyOt,\tjɔt\
4659,tja,tyA,\tja\
4660,tjaR,tyAR,\tjaʁ\
4661,tjaZ,tyAge,\tjaʒ\
4662,tjabl,tyAbl,\tjabl\
4663,tjag,tyAg,\tjag\
4664,tjal,tyAl,\tjal\
4665,tjas,tyAs,\tjas\
4666,tjaz,tyAz,\tjaz\
4667,tje,tye,\tje\
4668,tjeR,tyeR,\tjeʁ\
4669,tjo,tyo,\tjo\
4670,tj§,tyon,\tjɔ̃\
4671,tkl9b,tkleub,\tklœb\
4672,tkyR,tkUR,\tkyʁ\
4673,tl@d,tland,\tlãd\
4674,tlo,tlo,\tlo\
4675,tmEtR,tmetR,\tmɛtʁ\
4676,tmatS,tmAtch,\tmatʃ\
4677,tn9R,tneuR,\tnœʁ\
4678,tnER,tneR,\tnɛʁ\
4679,to,to,\to\
4680,toR,toR,\toʁ\
4681,toS,toch,\toʃ\
4682,toZ,toge,\toʒ\
4683,tob,tob,\tob\
4684,tod,tod,\tod\
4685,tol,tol,\tol\
4686,tom,tom,\tom\
4687,ton,ton,\ton\
4688,top,top,\top\
4689,tos,tos,\tos\
4690,tost,tost,\tost\
4691,toz,toz,\toz\
4692,tp9nk,tpeunk,\tpœnk\
4693,ts9R,tseuR,\tsœʁ\
4694,tsaR,tsAR,\tsaʁ\
4695,tsjEn,tsyen,\tsjɛn\
4696,tsmEn,tsmen,\tsmɛn\
4697,tsman,tsmAn,\tsman\
4698,tsts,tsts,\tsts\
4699,tswER,tsweR,\tswɛʁ\
4700,tu,tOu,\tu\
4701,tuG,tOung,\tuŋ\
4702,tuR,tOuR,\tuʁ\
4703,tuRb,tOuRb,\tuʁb\
4704,tuRd,tOuRd,\tuʁd\
4705,tuRn,tOuRn,\tuʁn\
4706,tuRt,tOuRt,\tuʁt\
4707,tuS,tOuch,\tuʃ\
4708,tuf,tOuf,\tuf\
4709,tufl,tOufl,\tufl\
4710,tuj,tOuy,\tuj\
4711,tuk,tOuk,\tuk\
4712,tul,tOul,\tul\
4713,tun,tOun,\tun\
4714,tup,tOup,\tup\
4715,tus,tOus,\tus\
4716,tut,tOut,\tut\
4717,tuz,tOuz,\tuz\
4718,tw2z,tweuz,\twøz\
4719,tw5,twin,\twɛ̃\
4720,tw9R,tweuR,\twœʁ\
4721,twE,twe,\twɛ\
4722,twEst,twest,\twɛst\
4723,twa,twA,\twa\
4724,twaR,twAR,\twaʁ\
4725,twaZ,twAge,\twaʒ\
4726,twal,twAl,\twal\
4727,twan,twAn,\twan\
4728,twaz,twAz,\twaz\
4729,twe,twe,\twe\
4730,twid,twId,\twid\
4731,twil,twIl,\twil\
4732,twis,twIs,\twis\
4733,twist,twIst,\twist\
4734,ty,tU,\ty\
4735,tyR,tUR,\tyʁ\
4736,tyRZ,tURge,\tyʁʒ\
4737,tyRb,tURb,\tyʁb\
4738,tyRf,tURf,\tyʁf\
4739,tyRk,tURk,\tyʁk\
4740,tyRn,tURn,\tyʁn\
4741,tyS,tUch,\tyʃ\
4742,tyb,tUb,\tyb\
4743,tyd,tUd,\tyd\
4744,tyf,tUf,\tyf\
4745,tyg,tUg,\tyg\
4746,tyk,tUk,\tyk\
4747,tyl,tUl,\tyl\
4748,tym,tUm,\tym\
4749,tyn,tUn,\tyn\
4750,typl,tUpl,\typl\
4751,tys,tUs,\tys\
4752,tyst,tUst,\tyst\
4753,tyt,tUt,\tyt\
4754,tyv,tUv,\tyv\
4755,tyz,tUz,\tyz\
4756,tzj5,tzyin,\tzjɛ̃\
4757,t§,ton,\tɔ̃\
4758,t§b,tonb,\tɔ̃b\
4759,t§d,tond,\tɔ̃d\
4760,t§dR,tondR,\tɔ̃dʁ\
4761,t§g,tong,\tɔ̃g\
4762,t§kl,tonkl,\tɔ̃kl\
4763,t§p,tonp,\tɔ̃p\
4764,t§t,tont,\tɔ̃t\
4765,t°,t,\t\
4766,t°n,tn,\tn\
4767,u,Ou,\u\
4768,uR,OuR,\uʁ\
4769,uRl,OuRl,\uʁl\
4770,uRs,OuRs,\uʁs\
4771,uRt,OuRt,\uʁt\
4772,uS,Ouch,\uʃ\
4773,uf,Ouf,\uf\
4774,uj,Ouy,\uj\
4775,ul,Oul,\ul\
4776,ulk,Oulk,\ulk\
4777,um,Oum,\um\
4778,up,Oup,\up\
4779,us,Ous,\us\
4780,usk,Ousk,\usk\
4781,ust,Oust,\ust\
4782,ut,Out,\ut\
4783,utR,OutR,\utʁ\
4784,uvR,OuvR,\uvʁ\
4785,v2,veu,\vø\
4786,v2l,veul,\vøl\
4787,v2z,veuz,\vøz\
4788,v5,vin,\vɛ̃\
4789,v5R,vinR,\vɛ̃ʁ\
4790,v5k,vink,\vɛ̃k\
4791,v5kR,vinkR,\vɛ̃kʁ\
4792,v5m,vinm,\vɛ̃m\
4793,v5s,vins,\vɛ̃s\
4794,v8ist,vuiIst,\vɥist\
4795,v9R,veuR,\vœʁ\
4796,v9f,veuf,\vœf\
4797,v9gl,veugl,\vœgl\
4798,v9j,veuy,\vœj\
4799,v9l,veul,\vœl\
4800,v9v,veuv,\vœv\
4801,v@,van,\vã\
4802,v@S,vanch,\vãʃ\
4803,v@Z,vange,\vãʒ\
4804,v@bR,vanbR,\vãbʁ\
4805,v@d,vand,\vãd\
4806,v@dR,vandR,\vãdʁ\
4807,v@p,vanp,\vãp\
4808,v@s,vans,\vãs\
4809,v@t,vant,\vãt\
4810,v@tR,vantR,\vãtʁ\
4811,vE,ve,\vɛ\
4812,vER,veR,\vɛʁ\
4813,vERN,veRgn,\vɛʁɲ\
4814,vERZ,veRge,\vɛʁʒ\
4815,vERb,veRb,\vɛʁb\
4816,vERg,veRg,\vɛʁg\
4817,vERkl,veRkl,\vɛʁkl\
4818,vERn,veRn,\vɛʁn\
4819,vERs,veRs,\vɛʁs\
4820,vERst,veRst,\vɛʁst\
4821,vERt,veRt,\vɛʁt\
4822,vERv,veRv,\vɛʁv\
4823,vES,vech,\vɛʃ\
4824,vEg,veg,\vɛg\
4825,vEj,vey,\vɛj\
4826,vEk,vek,\vɛk\
4827,vEks,veks,\vɛks\
4828,vEl,vel,\vɛl\
4829,vEld,veld,\vɛld\
4830,vElt,velt,\vɛlt\
4831,vEn,ven,\vɛn\
4832,vEnt,vent,\vɛnt\
4833,vEpR,vepR,\vɛpʁ\
4834,vEs,ves,\vɛs\
4835,vEst,vest,\vɛst\
4836,vEstR,vestR,\vɛstʁ\
4837,vEt,vet,\vɛt\
4838,vEtR,vetR,\vɛtʁ\
4839,vEz,vez,\vɛz\
4840,vOR,vOR,\vɔʁ\
4841,vORs,vORs,\vɔʁs\
4842,vORt,vORt,\vɔʁt\
4843,vOg,vOg,\vɔg\
4844,vOk,vOk,\vɔk\
4845,vOl,vOl,\vɔl\
4846,vOlt,vOlt,\vɔlt\
4847,vOlv,vOlv,\vɔlv\
4848,vOm,vOm,\vɔm\
4849,vOn,vOn,\vɔn\
4850,vOt,vOt,\vɔt\
4851,vOtR,vOtR,\vɔtʁ\
4852,vR2,vReu,\vʁø\
4853,vR2z,vReuz,\vʁøz\
4854,vR9R,vReuR,\vʁœʁ\
4855,vR9j,vReuy,\vʁœj\
4856,vR@,vRan,\vʁã\
4857,vR@s,vRans,\vʁãs\
4858,vR@t,vRant,\vʁãt\
4859,vRE,vRe,\vʁɛ\
4860,vRER,vReR,\vʁɛʁ\
4861,vREs,vRes,\vʁɛs\
4862,vREsk,vResk,\vʁɛsk\
4863,vREt,vRet,\vʁɛt\
4864,vRON,vROgn,\vʁɔɲ\
4865,vROS,vROch,\vʁɔʃ\
4866,vROt,vROt,\vʁɔt\
4867,vRa,vRA,\vʁa\
4868,vRaZ,vRAge,\vʁaʒ\
4869,vRabl,vRAbl,\vʁabl\
4870,vRad,vRAd,\vʁad\
4871,vRak,vRAk,\vʁak\
4872,vRam,vRAm,\vʁam\
4873,vRe,vRe,\vʁe\
4874,vRi,vRI,\vʁi\
4875,vRiR,vRIR,\vʁiʁ\
4876,vRij,vRIy,\vʁij\
4877,vRil,vRIl,\vʁil\
4878,vRim,vRIm,\vʁim\
4879,vRin,vRIn,\vʁin\
4880,vRis,vRIs,\vʁis\
4881,vRit,vRIt,\vʁit\
4882,vRizm,vRIzm,\vʁizm\
4883,vRo,vRo,\vʁo\
4884,vRoz,vRoz,\vʁoz\
4885,vRum,vROum,\vʁum\
4886,vR§,vRon,\vʁɔ̃\
4887,va,vA,\va\
4888,vaR,vAR,\vaʁ\
4889,vaRd,vARd,\vaʁd\
4890,vaS,vAch,\vaʃ\
4891,vaZ,vAge,\vaʒ\
4892,vabl,vAbl,\vabl\
4893,vad,vAd,\vad\
4894,vag,vAg,\vag\
4895,vaj,vAy,\vaj\
4896,vajs,vAys,\vajs\
4897,vak,vAk,\vak\
4898,val,vAl,\val\
4899,vals,vAls,\vals\
4900,valv,vAlv,\valv\
4901,vam,vAm,\vam\
4902,van,vAn,\van\
4903,vap,vAp,\vap\
4904,vas,vAs,\vas\
4905,vask,vAsk,\vask\
4906,vast,vAst,\vast\
4907,vat,vAt,\vat\
4908,vatR,vAtR,\vatʁ\
4909,vaz,vAz,\vaz\
4910,ve,ve,\ve\
4911,vi,vI,\vi\
4912,viG,vIng,\viŋ\
4913,viN,vIgn,\viɲ\
4914,viR,vIR,\viʁ\
4915,viS,vIch,\viʃ\
4916,vibR,vIbR,\vibʁ\
4917,vibl,vIbl,\vibl\
4918,vid,vId,\vid\
4919,vif,vIf,\vif\
4920,vig,vIg,\vig\
4921,vij,vIy,\vij\
4922,vik,vIk,\vik\
4923,vikt,vIkt,\vikt\
4924,vil,vIl,\vil\
4925,vim,vIm,\vim\
4926,vin,vIn,\vin\
4927,vis,vIs,\vis\
4928,vism,vIsm,\vism\
4929,vist,vIst,\vist\
4930,vit,vIt,\vit\
4931,vitR,vItR,\vitʁ\
4932,vitS,vItch,\vitʃ\
4933,viv,vIv,\viv\
4934,vivR,vIvR,\vivʁ\
4935,viz,vIz,\viz\
4936,vizm,vIzm,\vizm\
4937,vj2,vyeu,\vjø\
4938,vj2z,vyeuz,\vjøz\
4939,vj5,vyin,\vjɛ̃\
4940,vj@,vyan,\vjã\
4941,vj@d,vyand,\vjãd\
4942,vj@s,vyans,\vjãs\
4943,vj@t,vyant,\vjãt\
4944,vjE,vye,\vjɛ\
4945,vjER,vyeR,\vjɛʁ\
4946,vjERZ,vyeRge,\vjɛʁʒ\
4947,vjEj,vyey,\vjɛj\
4948,vjEl,vyel,\vjɛl\
4949,vjEm,vyem,\vjɛm\
4950,vjEn,vyen,\vjɛn\
4951,vjEt,vyet,\vjɛt\
4952,vjORn,vyORn,\vjɔʁn\
4953,vjOk,vyOk,\vjɔk\
4954,vjOl,vyOl,\vjɔl\
4955,vjOm,vyOm,\vjɔm\
4956,vjOt,vyOt,\vjɔt\
4957,vja,vyA,\vja\
4958,vjaR,vyAR,\vjaʁ\
4959,vjabl,vyAbl,\vjabl\
4960,vjal,vyAl,\vjal\
4961,vje,vye,\vje\
4962,vjo,vyo,\vjo\
4963,vjoz,vyoz,\vjoz\
4964,vju,vyOu,\vju\
4965,vj§,vyon,\vjɔ̃\
4966,vl5Z,vlinge,\vlɛ̃ʒ\
4967,vl@,vlan,\vlã\
4968,vlaR,vlAR,\vlaʁ\
4969,vluf,vlOuf,\vluf\
4970,vo,vo,\vo\
4971,voS,voch,\voʃ\
4972,vod,vod,\vod\
4973,vol,vol,\vol\
4974,vos,vos,\vos\
4975,votR,votR,\votʁ\
4976,voz,voz,\voz\
4977,vu,vOu,\vu\
4978,vuR,vOuR,\vuʁ\
4979,vuZ,vOuge,\vuʒ\
4980,vut,vOut,\vut\
4981,vw@,vwan,\vwã\
4982,vwE,vwe,\vwɛ\
4983,vwER,vweR,\vwɛʁ\
4984,vwa,vwA,\vwa\
4985,vwaR,vwAR,\vwaʁ\
4986,vwabl,vwAbl,\vwabl\
4987,vwak,vwAk,\vwak\
4988,vwal,vwAl,\vwal\
4989,vwam,vwAm,\vwam\
4990,vwan,vwAn,\vwan\
4991,vwat,vwAt,\vwat\
4992,vwaz,vwAz,\vwaz\
4993,vwe,vwe,\vwe\
4994,vwivR,vwIvR,\vwivʁ\
4995,vw§,vwon,\vwɔ̃\
4996,vy,vU,\vy\
4997,vyR,vUR,\vyʁ\
4998,vyl,vUl,\vyl\
4999,vylg,vUlg,\vylg\
5000,vyls,vUls,\vyls\
5001,vylv,vUlv,\vylv\
5002,vys,vUs,\vys\
5003,v§,von,\vɔ̃\
5004,w5,win,\wɛ̃\
5005,w5dR,windR,\wɛ̃dʁ\
5006,w5t,wint,\wɛ̃t\
5007,wE,we,\wɛ\
5008,wEb,web,\wɛb\
5009,wEd,wed,\wɛd\
5010,wEj,wey,\wɛj\
5011,wEst,west,\wɛst\
5012,wEt,wet,\wɛt\
5013,wa,wA,\wa\
5014,waN,wAgn,\waɲ\
5015,waR,wAR,\waʁ\
5016,waRd,wARd,\waʁd\
5017,waRf,wARf,\waʁf\
5018,waj,wAy,\waj\
5019,wak,wAk,\wak\
5020,waks,wAks,\waks\
5021,wat,wAt,\wat\
5022,we,we,\we\
5023,wejv,weyv,\wejv\
5024,wi,wI,\wi\
5025,wiR,wIR,\wiʁ\
5026,wiS,wIch,\wiʃ\
5027,wig,wIg,\wig\
5028,win,wIn,\win\
5029,wist,wIst,\wist\
5030,witz,wItz,\witz\
5031,wuG,wOung,\wuŋ\
5032,xOs,jotaOs,\xɔs\
5033,xa,jotaA,\xa\
5034,xo,jotao,\xo\
5035,xwan,jotawAn,\xwan\
5036,y,U,\y\
5037,yR,UR,\yʁ\
5038,yRZ,URge,\yʁʒ\
5039,yRf,URf,\yʁf\
5040,yRl,URl,\yʁl\
5041,yRn,URn,\yʁn\
5042,yS,Uch,\yʃ\
5043,yg,Ug,\yg\
5044,ym,Um,\ym\
5045,yn,Un,\yn\
5046,yp,Up,\yp\
5047,ys,Us,\ys\
5048,yt,Ut,\yt\
5049,yz,Uz,\yz\
5050,z,z,\z\
5051,z1,zun,\zœ̃\
5052,z2,zeu,\zø\
5053,z2z,zeuz,\zøz\
5054,z5,zin,\zɛ̃\
5055,z5bR,zinbR,\zɛ̃bʁ\
5056,z5g,zing,\zɛ̃g\
5057,z8E,zuie,\zɥɛ\
5058,z8El,zuiel,\zɥɛl\
5059,z8Et,zuiet,\zɥɛt\
5060,z8ist,zuiIst,\zɥist\
5061,z8it,zuiIt,\zɥit\
5062,z9R,zeuR,\zœʁ\
5063,z9l,zeul,\zœl\
5064,z9p,zeup,\zœp\
5065,z9vR,zeuvR,\zœvʁ\
5066,z@,zan,\zã\
5067,z@Z,zange,\zãʒ\
5068,z@fl,zanfl,\zãfl\
5069,z@pl,zanpl,\zãpl\
5070,z@s,zans,\zãs\
5071,z@t,zant,\zãt\
5072,zE,ze,\zɛ\
5073,zER,zeR,\zɛʁ\
5074,zERb,zeRb,\zɛʁb\
5075,zERg,zeRg,\zɛʁg\
5076,zERn,zeRn,\zɛʁn\
5077,zERs,zeRs,\zɛʁs\
5078,zERt,zeRt,\zɛʁt\
5079,zERv,zeRv,\zɛʁv\
5080,zEb,zeb,\zɛb\
5081,zEbR,zebR,\zɛbʁ\
5082,zEd,zed,\zɛd\
5083,zEf,zef,\zɛf\
5084,zEj,zey,\zɛj\
5085,zEkR,zekR,\zɛkʁ\
5086,zEl,zel,\zɛl\
5087,zEm,zem,\zɛm\
5088,zEn,zen,\zɛn\
5089,zEs,zes,\zɛs\
5090,zEst,zest,\zɛst\
5091,zEt,zet,\zɛt\
5092,zEtR,zetR,\zɛtʁ\
5093,zON,zOgn,\zɔɲ\
5094,zOR,zOR,\zɔʁ\
5095,zORb,zORb,\zɔʁb\
5096,zORd,zORd,\zɔʁd\
5097,zORdR,zORdR,\zɔʁdʁ\
5098,zORt,zORt,\zɔʁt\
5099,zOS,zOch,\zɔʃ\
5100,zOb,zOb,\zɔb\
5101,zOd,zOd,\zɔd\
5102,zOf,zOf,\zɔf\
5103,zOj,zOy,\zɔj\
5104,zOjl,zOyl,\zɔjl\
5105,zOl,zOl,\zɔl\
5106,zOlv,zOlv,\zɔlv\
5107,zOm,zOm,\zɔm\
5108,zOn,zOn,\zɔn\
5109,zOp,zOp,\zɔp\
5110,zOs,zOs,\zɔs\
5111,zOt,zOt,\zɔt\
5112,zR5,zRin,\zʁɛ̃\
5113,zREn,zRen,\zʁɛn\
5114,zROk,zROk,\zʁɔk\
5115,za,zA,\za\
5116,zaN,zAgn,\zaɲ\
5117,zaR,zAR,\zaʁ\
5118,zaRd,zARd,\zaʁd\
5119,zaRk,zARk,\zaʁk\
5120,zaRm,zARm,\zaʁm\
5121,zaZ,zAge,\zaʒ\
5122,zabl,zAbl,\zabl\
5123,zad,zAd,\zad\
5124,zag,zAg,\zag\
5125,zaj,zAy,\zaj\
5126,zajn,zAyn,\zajn\
5127,zak,zAk,\zak\
5128,zaks,zAks,\zaks\
5129,zakt,zAkt,\zakt\
5130,zal,zAl,\zal\
5131,zalt,zAlt,\zalt\
5132,zam,zAm,\zam\
5133,zan,zAn,\zan\
5134,zap,zAp,\zap\
5135,zas,zAs,\zas\
5136,zastR,zAstR,\zastʁ\
5137,zat,zAt,\zat\
5138,zatR,zAtR,\zatʁ\
5139,zats,zAts,\zats\
5140,zbOwts,zbOwts,\zbɔwts\
5141,ze,ze,\ze\
5142,zej,zey,\zej\
5143,zi,zI,\zi\
5144,ziG,zIng,\ziŋ\
5145,ziN,zIgn,\ziɲ\
5146,ziR,zIR,\ziʁ\
5147,ziZ,zIge,\ziʒ\
5148,zib,zIb,\zib\
5149,zibl,zIbl,\zibl\
5150,zid,zId,\zid\
5151,zif,zIf,\zif\
5152,zig,zIg,\zig\
5153,zij,zIy,\zij\
5154,zik,zIk,\zik\
5155,zikl,zIkl,\zikl\
5156,zil,zIl,\zil\
5157,zim,zIm,\zim\
5158,zin,zIn,\zin\
5159,zip,zIp,\zip\
5160,zis,zIs,\zis\
5161,zist,zIst,\zist\
5162,zit,zIt,\zit\
5163,ziv,zIv,\ziv\
5164,zizm,zIzm,\zizm\
5165,zj2t,zyeut,\zjøt\
5166,zj5,zyin,\zjɛ̃\
5167,zj9R,zyeuR,\zjœʁ\
5168,zj@,zyan,\zjã\
5169,zj@t,zyant,\zjãt\
5170,zjE,zye,\zjɛ\
5171,zjER,zyeR,\zjɛʁ\
5172,zjEm,zyem,\zjɛm\
5173,zjEn,zyen,\zjɛn\
5174,zjOm,zyOm,\zjɔm\
5175,zjOn,zyOn,\zjɔn\
5176,zja,zyA,\zja\
5177,zjaRk,zyARk,\zjaʁk\
5178,zjak,zyAk,\zjak\
5179,zjal,zyAl,\zjal\
5180,zjasm,zyAsm,\zjasm\
5181,zjast,zyAst,\zjast\
5182,zjat,zyAt,\zjat\
5183,zje,zye,\zje\
5184,zjo,zyo,\zjo\
5185,zjoz,zyoz,\zjoz\
5186,zj§,zyon,\zjɔ̃\
5187,zlEtR,zletR,\zlɛtʁ\
5188,zla,zlA,\zla\
5189,zlam,zlAm,\zlam\
5190,zli,zlI,\zli\
5191,zo,zo,\zo\
5192,zoR,zoR,\zoʁ\
5193,zom,zom,\zom\
5194,zon,zon,\zon\
5195,zos,zos,\zos\
5196,zu,zOu,\zu\
5197,zudR,zOudR,\zudʁ\
5198,zuj,zOuy,\zuj\
5199,zuk,zOuk,\zuk\
5200,zum,zOum,\zum\
5201,zut,zOut,\zut\
5202,zw5,zwin,\zwɛ̃\
5203,zwa,zwA,\zwa\
5204,zwaR,zwAR,\zwaʁ\
5205,zwal,zwAl,\zwal\
5206,zwav,zwAv,\zwav\
5207,zy,zU,\zy\
5208,zyR,zUR,\zyʁ\
5209,zyRp,zURp,\zyʁp\
5210,zybl,zUbl,\zybl\
5211,zylt,zUlt,\zylt\
5212,zym,zUm,\zym\
5213,zyn,zUn,\zyn\
5214,zys,zUs,\zys\
5215,zyt,zUt,\zyt\
5216,z§,zon,\zɔ̃\
5217,z°,z,\z\
5218,z°n,zn,\zn\
5219,§,on,\ɔ̃\
5220,§bR,onbR,\ɔ̃bʁ\
5221,§bl,onbl,\ɔ̃bl\
5222,§d,ond,\ɔ̃d\
5223,§gR,ongR,\ɔ̃gʁ\
5224,§gl,ongl,\ɔ̃gl\
5225,§k,onk,\ɔ̃k\
5226,§kl,onkl,\ɔ̃kl\
5227,§s,ons,\ɔ̃s\
5228,§t,ont,\ɔ̃t\
5229,§z,onz,\ɔ̃z\
